entry_id,title,text,date,time,edited_date,edited_time
123006450,almanya,"yurt disina cikmayi hedefleyen, ozellikle yuksek lisans yapmak isteyen kisilerin goz atmasi gereken avrupa birligi ulkesi.turkiye'deki insanlarin yurt disina cikis dusuncelerine set ceken en temel unsur su anda ekonomi. dolayisiyla, bu entry'de ozellikle finansal gereksinimler ekseninde detayli bilgilere yer verecegim.yurt disina cikis icin kullanilabilecek en iyi biletlerden biri egitim. bu bileti kullanabilmek icin yuksek lisans temelli bir yol haritasi cizmeye calisalim.1- bana uygun bir program var mi, varsa nereden bulabilirim?eger almanya'da yuksek lisans ile ilgileniyorsaniz daad'i duymama sansiniz pek yok. daad, alman akademik degisim servisi anlamina gelir ve burada egitim icin gerekli genel detaylarin buyuk bir kismini bulabilirsiniz. su linkten yapmayi dusundugunuz programin duzeyi, dili ve alanini secip almanya'daki cogu okulun programlarini listeyebilirsiniz.ozellikle phd ile devam etmeyi dusunen adaylar icin master bazi durumlarda etiket gorevi gorebiliyor, dolayisiyla iyi bir okulda olmasi onemli. bu sebeple, arastiracaginiz okullari siralamalarina gore de filtreleyebilirsiniz. bunun icin kullanilan global metriklerden biri olan qs'i kullanabilirsiniz. su siteden kendi alaninizi sectikten sonra olusan listeyi location kismindan almanya ile filtreleyebilirsiniz. ben basvuru yapmadan once bu listeyi takip etmistim.okulu sectikten sonra, daad veya qs'in sitesi uzerinden buldugunuz bolumun kendi sayfasi uzerinden devam etmeniz daha saglikli olacaktir. 2- egitim ucreti ne kadar?almanya'yi almanya yapan en temel unsurlardan biri egitimde esitlik ilkesine olan inanci. bu dogrultuda devlet universitelerindeki programlarin cok buyuk bir kismi ucretsiz. :) evet, ucretsiz. sadece, donemlik olarak ufak(100-300€) bir harc oduyorsunuz. avrupa'daki almanya ve norvec disindaki ulkeler devlet universitelerini sadece avrupa birligi veya avrupa ekonomik bolgesinden gelen ogrenciler icin ucretsiz/cok dusuk ucretli hale getirirken almanya ve norvec bunu dunyanin herhangi bir yerinden gelen ogrenci icin de yapiyor.@lighterman'in ilettigi bilgiye gore, baden-württemberg eyaleti icin 1500€'luk bir harc soz konusu.3- basvuru kriterleri neler, kabul edilebilir miyim?kriterler cok fazla ve okuldan okula, programdan programa degisiyor. ortak olarak istenen bazi kriterler olacak: fena olmayan bir ortalama(2.9+) ve motivasyon mektubu(statement of purpose, motivational letter). cok sayida program oldugu icin, gereksinimlerini karsiladiginiz 5-7 programa basvuru yapmaniz halinde birinden kabul almaniz cok olasi.ancak burada belirtmek istedigim bir nokta var, muhendislik tarafinda gecerliligi daha fazla olabilir. almanya'daki iyi okullarin bircogunda asil zorlayici kisim okula girince basliyor. okula giris, mezuniyete giden seruvendeki en mesakkatli ancak genel olarak en kolay kisim oluyor. bunu bastan cok ciddiye almayip da egitimine baslayan insanlar icin bir hayal kirikligi olabiliyor. okulu tamamlayamama, ogrenim sirasinda donemlik belli krediyi dolduramama, zorunlu dersi verememe gibi sebeplerle okuldan ayrilan insanlar olabiliyor ve sayilarini azimsamamak gerekiyor. ozetle, girmesi gorece kolay; ama mezun olmak icin ciddi bir disiplin gerekiyor. 4- dil kosullari neler? almanca bilmiyorum, yine de yapabilir miyim?ilk adimda, programlari ararken dil secenegi mevcut oluyor ve oradan filtreleme yapabiliyorsunuz. tamamen ingilizce olan programlarin sayisi bir hayli fazla. her okulun dil gereksinimleri degismekle birlikte, ielts'ten 6.0-6.5 istediklerini soyleyebiliriz. tek metrik ielts degil tabii ki, genel olarak bir tik daha kolay bir sinav olmasi ve ornek teskil etmesi icin onu ornek veriyorum. ielts calismalari icin (bkz: #117509541)almanca sorusunun yaniti: evet. almanca bilmeyerek giden cok insan, kisa surede dile adapte olabiliyor.5- okurken ayni zamanda calisabiliyor muyuz? bu calisma maddi olarak yeterli oluyor mu?evet. werkstudent adi verilen statude haftalik 20 saate kadar sigortali bir iste calisabiliyorsunuz ve saatlik 11-12€'dan az olmayacak sekilde para kazanabiliyorsunuz, tabii bir de cv'ye tecrube olarak ekleniyor. bunun haricinde, minijob olarak isimlendirilen ve sigortaya gerek duymayan ufak isler oluyor. bunlar sayesinde de cuzi miktarlarda gelir saglayabilirsiniz. yasam masraflari bulundugunuz sehirle dogrudan baglantili oldugu icin su anda bir genelleme yapmak cok dogru olmaz. yasam kosullari en pahali sehir olan munih icin konusacak olursak, werkstudent olarak kazandiginiz para, aylik ortalama 1000€ civarinda oluyor ve konaklamayi uygun bir miktara halledebilirseniz bu paradan birikim yapmaniz bile mumkun.6- vize surecleri nasil isliyor?vize surecini egitim arayisi kismina katmamin temel bir sebebi var. almanya, egitim icin gelecek ve ulusal vize(90 gunden fazla kalim) alacak kisilerden bir yil icin yasama giderlerini karsilayacak maddi birikimini veya ona destek olacak bir kisinin oldugunu gormek istiyor. maddi birikimin miktari su an icin aylik 861€ uzerinden hesaplaniyor ve 10332€'ya tekabul ediyor. bu durumu okul arastirmalarina baslamadan bilmeniz faydaniza olacaktir.bu kosul iki sekilde saglanabiliyor:- garantor ismi verilen, almanya'da yasayan(vatandasi olmak zorunda degil) ve aylik olarak sizin icin 720€ ayirabilecegini (size gondermek zorunda degil) belgeleyebilen kisinin, almanya'da gerekli yerlere gidip sizin icin basvuru yapmasi gerekiyor.- bloke hesap. bu da yukarida bahsedilen toplam tutarin blokeli bir banka hesabina konulmasi anlamina geliyor. bu para, siz almanya'ya vardiktan sonra odenmeye basliyor ve bir yil suruyor. blokeli oldugu icin, aylik sadece belli bir kismini cekebiliyorsunuz, maas gibi.7- garantor olabilecek bir tanidik ve bloke hesaba koyacak 10000€ sahibi degilim. bu noktada ne yapabilirim?burada devreye burs ve kredi opsiyonlari giriyor. en bilinen burs opsiyonu daad ile turk egitim vakfinin ortak bursu. tanitim videosunu inceleyebilirsiniz.diger bir opsiyon ise avrupa birliginin sadece bes ulkenin ogrencilerinin avrupa'da yuksek lisans yapabilmesi icin verdigi erasmus+ master kredisi. minimum 12, maksimum 18 bin € olacak sekilde kredi kullanabiliyorsunuz ve bu kredi, ulkedeki diger banka ve kredilere gore bircok avantaja sahip. bu krediyi kullanabilmek icin okulun erasmus+ programini destekliyor olmasi gerek ve cogu okul/program destekliyor.turkiye'de bu krediyi veren yetkili banka qnb finansbank. bu krediyi cekerken herhangi bir gelir beyani, kefil vs. gostermenize gerek yok. okuldan kabul aldiginizi gosteren kabul mektubunu ibraz etmeniz yeterli. kredi odemeleri, kredi kullanimindan 3 yil sonra basliyor ve basladigi andan itibaren de 5 yil vadeli oluyor; ayrica kredinin turk lirasina endeksli olmasi buyuk avantaj. ancak, maalesef ki, su anda turkiye'nin ekonomik kosullari ve faiz yuksekligi sebebiyle cekmeniz durumunda 1 alip 2.5-3 arasinda odemeniz gerekecek. tabii, almanya'dan veya farkli bir ulkeden devam edecekseniz, kuru da denkleme katabilirsiniz. ara odemelerle veya erken odemelerle de krediyi eritebiliyorsunuz.karar vermeden once ortada enine boyuna dusunulmesinde fayda var. bu riskin, firsata degip degmeyecegi subjektif bir konu. 3 yil sonraki geliriniz ne durumda olacak, karsilayabilecek misiniz gibi detaylari dusunmeniz gerekiyor. eger almanya'da kalmayi dusunuyorsaniz, ortalama bir muhendisin -sehre gore- 2400-2500€ civarinda aldigini bilmeniz hesaplamayi kolaylastirabilir. 8- egitimden sonra almanya'da kalabilir miyim?evet, kalabilirsiniz. egitiminiz tamamlandiktan sonra size bir yil veriliyor. bu bir yil icerisinde is bulup oturumunuzu uzatabilir ve almanya'daki yasantiniza devam edebilirsiniz.ozetle; eger kendinize guveniyorsaniz ve okul ile calismayi birlikte goturebileceginizi dusunuyorsaniz, erasmus+ kredisi kullanip hem oradan gelen aylik miktar, hem de werkstudent olarak elde ettiginiz gelir ile egitim surecinizin bitisinde bir erken odeme yapip, geriye kalan kredi miktarini dusurebilirsiniz. ancak, 2. yil bloke hesaptan para gelmeyecegini ve giderlerinizi tamamen kendinizin karsilamasi gerektigini de atlamamak gerek.su an icin aklima gelenler bunlar. eger bu kredi isini gozunuz kesmiyorsa estonya'ya goz atmanizi onerebilirim. finansal olarak almanya'ya kiyasla daha rahat bir ulke. (bkz: #122991208)basvurmayi dusunenlere basarilar. soru veya onerileriniz icin mesaj ile ulasabilirsiniz.----ekleme: her seyin kagit uzerinde yazildigi gibi olmadigini ve surecin gercekten yorucu oldugunu tekrarlamakta fayda var. derslerin turkiye'ye kiyasla genel anlamda daha kapsamli, ogrencinin uzerindeki baskinin da daha yuksek oldugunu akilda tutmak gerekiyor. (bkz: #123046517)ancak sunu da ekleyebilirim, hem okuyup hem calisan ve basarili olan insan sayisi hic de az degil. olayin cozumlendigi nokta kisinin oz disiplini oluyor. zaman yonetimi cok temel bir rol ustleniyor bu surecte. beklentileriniz ve calisma aliskanliklariniz dogrultusunda sekillenecektir surecin ne kadar zor olarak tanimlandigi.",09.05.2021,11:29,10.05.2021,10:28
122992982,spanish air,"harikulade bir slowdive sarkisi.sarkilari dinlerken ""acaba bu nasil bir ambiyansta guzel gider?"" diye dusunurum. bu sarki ozelinde, soz konusu soruya uzun bir sure yanit aradim. bugun itibariyle yanitlayabiliyorum. bu sarki tam bir ""arinma"" sarkisi.kotu bir donemden geciyorsundur, isler yolunda gitmiyordur. cabaliyor, ancak karsiligini alamiyorsundur. hatalar yapmissindir. kendini endeksledigin bir duzelme esigi vardir. iste bu sarki bana o esikten gecisi, lokal dip noktaya inerken sekip de yukselmeye basladigimiz tam o noktayi/sureci cagristiriyor. soyle bir cumle isitmistim: ""portakali bir kez yedikten sonra tadini unutamazsin. istesen de yapamazsin. ve farkindalik olarak adlandirilan kavram da tam olarak budur.""sarkinin melodisindeki gelisim bu esikten gecisi andiriyor bana. giderek yukselen ve zirveyi* gordukten sonra, daha fazla farkindaliga sahip olarak, duzenine geri donen bir seruven...",09.05.2021,00:43,,
122991208,estonya,"yurt disina cikmayi hedefleyen, yuksek lisans dusunen kisilerin, bilhassa yazilimcilarin veya adaylarinin goz atmasi gereken avrupa birligi ulkesidir. ulkenin kisaca bir ozetini gecelim:- estonya, yaklasik 1.3 milyon nufusa sahip kucuk bir ulke- information technology(it) alaninda ileri duzeydeler- dusuk nufusa karsin icerisinde skype'in da bulundugu 4 tane unicorn'a sahipler - dil olarak estonca, ingilizce ve rusca konusuluyorsimdi gelelim neden listeye konulmasi gereken ulkelerden biri olduguna: dusuk nufus. it alaninda bu kadar ileri olmalarina karsin yeteri kadar kalifiye eleman bulamiyorlar ve bu boslukta ufak bir parca doldurma potansiyeli olan tum adaylara iyi imkanlar sunuyorlar. yuksek lisans konusuna gecmeden, eger startup'lar ile ilgileniyorsaniz ve turkiye'deki vergiler gozunuzu korkutuyorsa estonya'nin startup estonia programina goz atabilirsiniz. cok iyi imkanlar mevcut.estonya'da egitim hakkindaki en kapsamli site: study in estoniaentry'nin geri kalaninda, diger okullari -en azindan muhendislik adina- yeteri kadar iyi bulmadigim icin, university of tartu uzerinden ilerleyecegim. ozellikle computer science ekseninde tum programlarin tamamen ingilizce oldugunu belirtmekte fayda var. 0- okul ne kadar iyi?qs siralamalari uzerinden gidersek, computer science icin 351-400 araligina dusuyor. bu da turkiye'de itu, bilkent veya koc seviyesine tekabul ediyor. ne olursa olsun da, beni turkiye'den cikarsin, diyorsaniz tallinn teknik universitesi'nin programlarina da bakabilirsiniz. 1- egitim ucreti yillik ne kadar?bu programlarin ucreti yillik 6000€ ve iki taksit seklinde odenebiliyor. 2- burs alabilir miyim?burs kontenjani kabul edilen ogrencilerin %50'sine tekabul ediyor ve bu oran pandemi dolayisiyla dusuruldu. normalde %80'di, seneye -umarim- duzelmis olur. iyi bir adaysaniz buyuk ihtimalle burs aliyorsunuz.3- basvuru kriterleri neler?50 puanini motivasyon mektubunun, 50 puanini ise lisans duzeyindeki gpa'in olusturdugu 100 puanlik bir degerlendirmeden, 66 puan uzerinde almaniz kabul edilmeniz anlamina geliyor.4- kabul edildim, ancak burs alamadim. ne yapmaliyim?isin guzelligi de burada, burs olsa da olmasa da estonya sizin hem calisip hem de okuyabileceginiz bir ulke. master yaparken bir yandan da full-time calisir ve okul taksidinizi odeyebilirsiniz. bu noktada 3000€'luk iki taksit olmasi buyuk avantaj. tek problem, ilk donemin ucretini odemek icin biraz birikime ihtiyaciniz var. ayrica, kisi sayisi cok olmadigindan dolayi gerek okulun, gerek devletin verdigi cook iyi burslar da var. burs listesi5- genel basvuru sartlari ve dil gereksinimleri neler?genel basvuru sartlari her programin sayfasinda bulunur. genelde, lisans egitiminiz suresince belirli bir alandan belirli sayida kredi almaniz isteniyor. dil gereksinimi ise ingilizce. ielts'ten hicbir kisim 5.5 altinda olmayacak sekilde, en az 6 puan toplamaniz bekleniyor ki bu az cok ingilizce goren biri icin gercekten zor degil. (bkz: #117509541)6- nasil basvuru yapacagim?- university of tartu, computer science- university of tartu(taltech ile ortak program), software engineering7- basvuru tarihleri ne zaman?ocak ayinda acilip, mart ayi civarina kadar acik kaliyor.8- is bulmasi kolay mi?bu konu icin dil bir nebze engel olusturabilir, ancak kisa sure icerisinde tatmin edici maaslara is bulmaniz oldukca mumkun. linkedin uzerinden kontrol edebilirsiniz, ilan fazla, ancak basvuru sayisi -turkiye'ye kiyasla- cok az ve bu her adayin sansini fazlasiyla arttiriyor.basvurmayi dusunenlere basarilar. soru veya onerileriniz icin mesaj ile ulasabilirsiniz.edit: almanya'da yuksek lisans icin (bkz: #123006450)",09.05.2021,00:11,11:30,
122989616,a woman under the influence,"1974 yapimi john cassavetes filmi. muhtesem oyunculuk performanslarini barindiran agir bir film, izlerken odaklanmak gerekiyor. yine de, gereginden fazla uzatilan sahneler; yer yer anlamsiz duraganlik ve sessizlik filmin izlenilirligini bayagi azaltmis.--- spoiler ---mabel, elinden geleni yapiyordu; cunku elinden bu kadar geliyordu. nick'in, benligini yitirmis ve tek gayesi cevresindekileri mutlu etmek olan bir canliya, mabel'a, surekli olarak ""kendin ol"" demesi bayagi ironik bir detaydi.--- spoiler ---",08.05.2021,23:42,,
122750159,max hodak,attigi tweet ile neuralink'ten ayrildigini aciklamistir.,03.05.2021,14:53,,
122378613,david gilmour,"benzersiz bir sound'a sahip olan, gelmis gecmis en iyi gitaristlerden biri. oncelikle bu yetenegi kisaca tarif etmek icin icin 2005 yilina, live 8'e uzanalim. roger waters'in kendisini arayip ikna etmesinin akabinde, 24 yil sonra ilk kez birlikte canli performans veriyorlar. bu konser sirasinda tam comfortably numb calarken, daha once binlerce kez duydugu soloyu canli sekilde dinleyebilmek adina, nick mason kulakligini cikartip firlatiyor. video (2. dakika)gilmour'u, verdigi emek ve yetenek bazinda glenn gould'a benzetmek mumkundur. glenn gould'un yayimladigi goldberg varyasyonlari'nin 1955 ve 1981 versiyonlari, hayati ve hayatin evrelerini aciklayabilmek icin oldukca gecerli bir kiyas olacaktir. 1955 versiyonu, canli, hizli ve yasam dolu iken; 1981 versiyonu, daha dingin, yavas ve huzur arayisi icerisindeydi.bu dusunceyi daha iyi aciklamak icin, echoes'tan sonra en iyi sarkilari oldugunu dusundugum comfortably numb'in bazi canli kayitlarini, sololarina odaklanarak, kronolojik sirayla inceleyelim:1- londra, 1984biraz urkek, biraz da cekingen. yeteri kadar guclu degil; ama genc ve enerjisi var. biraksan sabaha kadar solo atar vaziyette.2- new york, 1988daha guclu, daha cesur, daha oturakli.3- pulse, londra, 1994bu sarki ozelinde, gelmis gecmis en iyi solonun burada atildigini soylemek yanlis olmayacaktir. artik iyice oturmus, enerjisini en iyi sekilde kullanan ve ayni zamanda cesaretini dogru sekilde yonlendiren bir gilmour var karsimizda. tam tadinda biten diziler vardir ya, gereksiz uzatmazlar. tam olarak o ayarda bir performans. 4- live 8, londra, 200525 yilin arkasindan gelen bir deneyim. artik iyice olgunlasmis bir insan ve koklerini hatirlayan bir grup. bir yandan da ""reunion"" baskisi. buna ragmen oldukca dingin bir ve artik yaptigi isten iyice keyif alan ve bunu izleyicisine de hissettiren bir adama evriliyor gilmour. eski gunleri yad ediyorlar.5- londra, 2006 mart ayinda on an island albumunu cikarmis olan gilmour, mayis ayinda verdigi bu sahane konserde belki de vokal olarak en iyi performansini cikartiyor. sarkiya ilham veren syd barrett'i kanserden kaybetmeden bir ay once verilen bu konserde, iyice durgunlastigi da fark edilebiliyor. dunyevi zevklerden soyutlanmis bir halde gorunuyor.6- gdansk, 2006syd barrett'in olumunden bir ay sonra. bir yakini kaybettikten sonra gelen ""hayat bos"" hissiyatindan, olusan anlamsizliktan ve yapilan sorgulamalardan buyuk ustanin da payini aldigini fark etmesi zor degil. artik daha tok, daha icten ve huzunlu bir havaya burunuyor.7- the wall, londra, 2011syd'in arkasindan, 2008'de rick wright da onu takip ediyor. artik iyice hayat gailesinden koptuklarini hissettirir gibi. zamanin karsi konulamayan gucune karsi gelmeyi birakip, akisa uyum saglamiscasina bir huzur ve bosvermislik.8- pompeii, 20161971'den tam 45 yil sonra pompeii'ye gidis. hayatin ozeti gibi. basladigin yere, huzura, ozune donus. tam olarak bu konser benim icin gilmour'un zirvesidir. glenn gould'un yayimladigi 1981 versiyonudur. kacinilmaz sona dogru gidisten artik alinan keyfin hareketlere yansimasidir; ayni zamanda da huzur arayisidir. sona ulasmanin bilincidir.iste tam olarak 1984 londra konseri ile 2016 pompeii konserini karsilastirdigimda glenn gould'un 1955 ve 1981 versiyonlarindaki farki goruyorum.velhasilikelam, sarap gibi adamdir, yillandikca daha iyiye gitmistir. her dinleyiste yeni bir seyler fark ettirir. omru bol olsun.",24.04.2021,22:25,23:50,
122117968,başkasının başarısını çekemeyen insan modeli,"cahillik ve vasatligin asiri yayginlastigi, ustune ustluk neredeyse ovuldugu bir donemden geciyoruz. bu duruma gelinmesinde payi olan siyasetcisinden tutun egitimcisine kadar herkese lanet olsun.cabasiyla bir seyler basarabilmis insanlarin elde ettigi basarilari, kendileri ulasamadigi ve buyuk olasilikla da ulasamayacagi icin, degersizlestirmeye calisan toksik ve kompleksli bir kesim var ve gittikce kalabaliklasiyorlar. gunlerce, aylarca belki de yillarca cabalarsin, ugrasirsin ve fikrini bile sormaya tenezzul etmedigin bir aptal gelip senin hayatin hakkinda sacma sapan ve temelsiz yorumlar yapar.baskalarinin basarilari ve mutluluklarindan dolayi rahatsiz olan kesim hakkinda, lucius annaeus seneca, de ira'da soyle bir ifadede bulunur: “baskasinin mutlu olmasi seni rahatsiz ediyorsa asla mutlu olamazsin.” (bkz: numquam felix eris dum te torquebit felicior)",18.04.2021,20:58,,
122117246,annenin ölmesi,"iki yili gecti. doktorun ""basiniz sag olsun"" dedigi o an hala kulagimda. bu lafi duyuncaya dek olum fikrine dair hic detayli dusunmemistim, inanmiyordum cunku annemin gidecegine, uzak bir ihtimal gibiydi. sonrasi ise buyuk bir cokuntu. kabullenemedim.benim annem lise mezunuydu. evlatlarinin okumasini ve ""buyuk insan"" olmasini cok istedi. bizim her ihtiyacimizi bir sekilde yerine getirebilmek icin yillar boyu kendinden kisip biriktirdi. yillar boyu kirada oturduk. kirada oturmaktan bikmis olmasina ragmen bizim icin onlarca yil sabretti. en acisi da, annem mezuniyetimizi goremeden kaybetti hayatini. o cok sevdigi, kendinden one koydugu evlatlarinin buyuk insan oluslarini goremedi.kapanmasi mumkun olmayan bir bosluk, bir eksikliktir.",18.04.2021,20:44,,
121736098,beyin implantı aracılığıyla oyun oynayan maymun,"videodokuz yasindaki bir maymunun*, kafatasina yerlestirilen implant sayesinde, beynin sinyallerinin kayit edilip, cozumlenmesi saglandi. maymun, videoda 1.35'te baslayan kisimda joystick kullanarak oynadigini sandigi oyunu, aslinda beyniyle oynamaktaydi. 2.16'da baslayan kisimda ise sadece dusuncelerini kullanarak mindpong adi verilen dxball benzeri oyunu bota karsi oynadi. soz konusu oyunda sagdaki cubugu maymun kontrol ediyor ve sinyallerin islenmesindeki basaridan oturu, zor seviyede dahi, oldukca da iyi sekilde oynayabiliyor. su videoda sinyalin anlik olarak nasil algilandigi gorulebilir.elon musk'in kurdugu neuralink firmasi tarafindan yurutulen bu deneyler, inanilmasi guc bir esigin gecildigini gosteren ve cigir acici bir ozellige sahip. musk, soz konusu urun sayesinde, felcli bir insanin normal bir insandan daha hizli sekilde akilli telefon kullanabilecegini belirtti.nelson mandela'nin su sozunu hatirlamakta fayda var: ""gerceklesene kadar hep imkansiz gibi gorunur.""",09.04.2021,08:09,10:45,
121250673,yapıp pişman olmak vs yapmayıp pişman olmak,"hayatin cok sefer ""keske"" demek icin yeteri kadar uzun olmadigini dusunuyorum. yasanmamisliklar bilinmezliklerdir ve bilinmezlikler de cehennem.",27.03.2021,22:31,,
121212785,ruh eşini bulamamak,"basliktaki entry'lerin buyuk bir kismini okudum. farkli yaklasima sahip kisilerde ortak oldugunu dusundugum iki nokta var: tahammulsuzluk ve mukemmeliyet arayisi.kriterler o denli yukselmis ki, taninmaya calisilan insan aklinizdaki ideal sablondan bir gram disari cikinca alarm zilleri calmaya basliyor. ayrica, ruh esi adi altinda kendinin kopyasini aradiginin farkinda olmayan bircok insan var.ilk goruste aska inanan bir insan degilim. birtakim emareler sezilebilir; ancak bir insani asil tanidikca seversiniz. o insanin her bir detayini ilmek ilmek isleyip akilda tutmak, tutmaya calismak ve karakterinin soyut haritasini, hayat gailesiyle birlikte ogrenme cabasidir bana gore ask. diyecegim o ki, bir kisinin deger etiketini belirleyen siz ve deger yargilarinizdir. eger ki ruh esinizi bulma konusunda problem yasiyorsaniz, ""ruh esi"" taniminizi tekrar gozden gecirmenizde fayda olabilir.",26.03.2021,22:39,,
120881675,türkiye'deki iletişim kültürü,"rasyonellikten ve anlayıştan hızla uzaklaşan ve safsata eksenine oturan kültürdür.- bir hissiyatınızı paylaşırsınız, aldığınız yanıt: ""sen onu bir şey sanıyorsan, bir de x'i gör""- karşı tarafın yaptığı yanlışı belirtirsiniz, aldığınız yanıt: ""onlar da y yaptı"" - bir konu hakkında görüş belirtirsiniz, aldığınız yanıt: ""siz, hep böylesiniz""- satın aldığınız bir ürün hakkında yorum yaparsınız, aldığınız yanıt: ""onu alan kerizdir""toplumun birçok kademesine sirayet etmiş ve etkisi günden güne artmakta olan bu garabet, gerçekten oldukça can sıkıcı bir hâl almaya başladı. iletişim becerilerimiz, maalesef, günden güne köreliyor.muhtemelen gündelik hayatta karşılaştığınız; ama adını koyamadığınız davranış biçimlerine uygun bir tanımı burada bulabilirsiniz: wikipedia",18.03.2021,21:57,,
120706664,l'enfant sauvage,"bir françois truffaut filmi.gerçek bir hikâyeden temel alan bu film, toplum normlarına uymayan; ancak görece mutlu bir çocuğun, eğitim sürecini ve topluma ayak uydurma serüvenini konu etmiştir. (bkz: victor of aveyron)filmde, tablo olarak lanse etmeye müsait birçok kare mevcuttur. ödül yöntemiyle öğrenmeye dair zengin bir içerik sunan filmdeki en belirgin ve vurucu karelerden biri: görsel--- spoiler ---o yaşlardaki bir çocuğa göre jean-pierre cargol, olağanüstü bir oyunculuk sergilemiş; oldukça etkileyici bir performanstı.itard, tuttuğu notlarda, durumların karmaşıklığına rağmen oldukça yalın bir dil kullanıyor ve bu da seyir zevkini yükseltiyor. ayrıca, dikkate değer bir diğer nokta, itard sağ eliyle yazmasına karşın, victor'un solak oluşudur. görselvictor eve döndükten sonra, itard'ın ilk ve filmin son sözü sanıyorum ki filmi özetlemek için oldukça yeterliydi: ""eve geldiğin için çok mutluyum. anlıyor musun? burası senin evin. tam bir adam olmasan dahi, artık vahşi bir çocuk da değilsin. victor, sen büyük potansiyeli olan olağanüstü bir genç adamsın. derslerimize daha sonra devam edeceğiz.""--- spoiler ---",14.03.2021,14:43,,
120160587,memorandum,"lacrimas profundere'e ait olan albüm. gelmiş geçmiş en can yakan metal albümlerinde ilk sırayı zorlar. lacrimas profundere, latince ""gözyaşı dökmek"" anlamına gelir. isimlerindeki bu melankoliyi albüme oldukça başarılı şekilde yansıtmışlar. black swans: bu şarkı saf hüzündür, acıdır. dinlerken canınız yanar. hayatım boyu dinlediğim en depresif iki şarkıdan biridir, diğeri ise death come near me.",28.02.2021,21:23,,
120159628,comfortable silence,"eğer bir ilişkinin sağlamlığı birtakım ölçütlere dayandırılacaksa, benim nezdimde yegâne kıstas bu fenomendir.mia: don't you hate that?vincent: hate what?mia: uncomfortable silences.vincent: why do we feel it's necessary to talk about bullshit in order to be comfortable?vincent: i don't know. that's a good question.mia: that's when you know you found somebody really special. when you can just shut the fuck up for a minute and comfortably share silence.vincent: well, i don't think we're quite there yet, but don't feel bad. we just met each other.video",28.02.2021,21:08,,
120156227,disenchantment,"harika müziklere sahip olan, yönetmenliğini matt groening'in yaptığı 3 sezonluk netflix dizisi.absürt ve kara mizahın ayarının mükemmel bir şekilde tutturulması sayesinde, diziyi izlerken kullanmadığım bir giysinin cebinde yüksek miktarda para bulmuş gibi hissettim. karakter detaylandırması fazlasıyla tutarlı ve ilgi çekici şekilde yapılmış. yönetmen, bazı karakterleri onlara özel replikler* ile eşleştirmiş ve bu replikleri farklı bağlamlara eğlenceli şekilde yerleştirmiş.elfo: hi, i'm elfo!luci: do it! do it! do it!merkimer: sad!jester (şaklaban): oh, no!ek olarak, bean'in alkol ve zøg'un yemek bağımlılığını aynı konsept üzerinden anlatan iki muhteşem diyalog vardı.--- spoiler ---bean: wow! that's the best soup i've ever had.dagmar: it's whisky.----zøg: mmmm!bean: yeah, it's your favorite soup. melted butter.--- spoiler ---3. sezonu oldukça karmaşık ve gereksiz detaylarla dolu bulsam da geneli itibariyle izlemesi oldukça keyifli bir diziydi.",28.02.2021,20:09,,
120128214,vredens dag,"1943 yapımı carl theodor dreyer filmi. 17. yüzyılda danimarka'da hayat bulan film başlangıcı itibariyle o zamanın normlarına uymayan iki kişinin aşk hikâyesini anlatıyor; fakat sonradan bu hikâyenin altında çok farklı dinamikler olduğu gözlemlenebiliyor. harika oyunculuklara ve muhteşem çekim tekniklerine sahip olan bu film, izleyenlere masumiyet ve din kavramlarına dair derin sorgulamalar yaptırıyor. ne zaman masumiyetimizi yitiririz, bunun kıstası nedir?--- spoiler ---anne'in aşkı; toplum yapısına, dini bakış açısına, düzene karşı aslında bir başkaldırı niteliğine sahip. nitekim aşkın sınırlarını betimlemeye çalışılan replikler de bunu destekler nitelikte. anne, final sahnesinde kendisinin cadı olduğunu kabul eder. peki neden? çünkü sevdiği insan artık ona korkulu gözlerle bakmaktaydı, işin içinde ""şeytan"" vardı ne de olsa. kendisinin söylediği ""gözyaşlarımın arasından görüyorum; ama kimse onları silmeye gelmiyor."" lafı, masum olsa dahi, masumiyetini savunması için geçerli bir nedeni olmadığını vurgular.muhteşem bir mekana sahip olan final sahnesinde, yukarıdaki konuşma gerçekleşmeden önce, herkesin siyah giyerken anne'in beyaz giymesi ise -bana göre- masumiyeti/saflığı temsil etmektedir. bu konuşma sonrasında anne de siyah giyecektir.final sahnesi--- spoiler ---oysaki anne'in isteği oldukça basitti: ""tut beni ve mutlu et.""",28.02.2021,01:59,,
119893578,ma nuit chez maud,"eric rohmer'in yönettiği harikulade fransız filmidir. ayrıca, six moral tales'ın üçüncü filmidir.film, katolik inanç ekseniyle sınırlanamayacak genişlikte bir perspektife sahip. ahlak, özgür irade ve prensip kavramlarının zıt görüşler tarafından derinlemesine tartışılması, ortaya kelimelerle ifade etmesi güç; ancak takip etmesi de bir o kadar keyifli bir harmoni çıkartmış. yılların birikimini birkaç dakikalık konuşmalar sırasında edinmiş gibi hissettiren bir harmoni...--- spoiler ---ön bilgi: ana karakterin filmde adı hiç geçmiyor, adı jean-louis. jean-louis, kilisede ayindeyken sarışın françoise'ı fark etmesi, izlemesi ve hatta çıkışta takip etmesi ahlaki prensipleri ile özgür iradesi arasında çatışmanın başladığı ilk nokta olarak seyirciye aktarılıyor.katolik inanca sıkı sıkıya bağlı olduğunu düşünen jean-louis, fikren kendisinden çok uzaktaki maud'la tanışır ve olaylar gelişir. maud, jean-louis'in aksine katı prensiplere sahip değildir. jean-louis'in prensiplerine göre maud katiyen evlenebileceği biri değildir; maud en temelinde, katolik değildir. vidal ortamı terk ettikten sonra gelişen süreçte ise rohmer bize bu ""katı"" prensip sınırlarının nasıl dalgalandığını çok net bir şekilde iletir. -------""karşıma çıkan her kız beni, daha önce hiç karşılaşmadığım şekilde yeni bir ahlaki meydan okumaya itti."" arzularını dizginlemekte güçlük çeken jean-louis, içini rahatlatabilmek için çeşitli argümanlar sunmaya ve eylemin mihver noktasını değiştirmeye başlar. verdiği bir örnek: ""döneme uyan bir adamım, din de bu dönemleri onaylar."" inancını, yakın geleceğin belirsizliğine karşı genişletmeye çabalar.arzusunun karşılığını alamayınca da sınırlarını eski hâline çevirir ve françoise'in yeniden peşine takılır; fakat artık bambaşka bir tavırdadır. jean-louis, maud ile geçirdiği gecede çok şey öğrenmiştir ve françoise'a bunları yansıtır.françoise, eski sevgilisinin evli olduğunu itiraf ettiği kısımda bir ahlaki ödeşme izleriz. benim adıma filmin en düşündürücü kısmı burası oldu.--- spoiler ---film, yeniden izlenecek filmler listeme üst sıralardan giriş yaptı; tadı damağımda kaldı.",22.02.2021,11:19,,
119831790,the bad news bears,"bir michael ritchie filmi.70'lerdeki amerika'nın durumunu oldukça sade bir anlatıya dönüştürmeyi başarmış yönetmen. ergenlik öncesi dönemdeki çocukların geçtiği süreçleri ve davranışlarını törpülemek yerine olduğu gibi gerçekçi şekilde aktarması da filmi bir üst noktaya taşımış.--- spoiler ---bırak maça çıkmayı, temellerden oldukça uzak bir beyzbol takımı ve alkolik bir koç, tam bir kaybedenler kulübü. diğer tarafta ""yankees"", bir nevi amerikan idolü... kısacası, masumlar/güçsüzler ile amerika'nın çatışması anlatının temeline oturtulmuş.kahraman olarak lanse edilen kız, 70'lerin başında amerika'daki kadın hakları mücadelesine bir destek olarak da yorumlanabilir.kaybedenler kulübünün üyeleri--- spoiler ---",20.02.2021,23:47,,
119790545,dr. strangelove,"sinematografik olarak zengin bir içerik sunan stanley kubrick filmi.--- spoiler ---görsel: eşitlik kavramına yapılmış eleştiri, özellikle de cinsiyet ekseninde.görsel: saf kara mizah.görsel: kubrick ve onun anti-militarizm anlayışının görüntüye aktarılması.görsel: üniforma ile kapital arasındaki bağıntıya gönderme--- spoiler ---general buck rolündeki george c. scott ve kubrick sette oynanan satranç oyunları hakkında bahis yapmaktan keyif alırdı. o dönemlerde ikisi de expert satranç oyuncularıydı ve sık şekilde maç yaparlardı. genellikle kubrick kazanırdı. ayrıca, scott'ı sette yenebilen tek kişi de kubrick'in ta kendisiydi. kaynak",20.02.2021,00:57,,
119535067,medya,"- 2019'da yapılan ""sahte haberlerden dolayı medyaya güvenini kaybettiğini söyleyen yetişkinler"" araştırmasında türkiye, %62 gibi bir oranla, tunus'un ardından dünyada ikinci sırada yer aldı.- 2020 şubat ayında yapılan araştırmada ise türkiye'de, yetişkinler arasında medyadaki haberlere inananların oranı şubat 2020'de %55 olarak raporlandı. türkiye, oranın %56 olduğu finlandiya ve portekiz'in ardından dünyada üçüncü sırada yer alıyor. katılımcı sayısı yüksek olmadığından ötürü sapma da yüksek olabilir; ancak ilginç bir istatistik olduğu gerçeği yadsınamaz.güven oranı araştırmasıgüven kaybı araştırması",14.02.2021,00:38,,
118933223,steve jobs,"mükemmeliyetçilik ve minimalizmin beden bulmuş hâli olan kişi.1982 yılında, apple’daki ofisinde pazar araştırması yapmayı isteyip istemediği sorulduğunda şu yanıtı verdi: “hayır, çünkü müşteriler ne istediklerini biz onlara gösterene kadar bilmezler.” gerçekten de dediği gibi oldu. ocak 1984'te piyasaya sürülen macintosh ile birlikte ""ev bilgisayarı"" konseptini başlattı. insanlara, böyle bir gereksinimleri olduğunu gösterdi.jobs'ın ortaya çıkarttığı ürünlerin çok büyük bir kısmı zamanına göre devrimsel niteliktedir. benimsediği zen yaklaşımı sayesinde, oluşan her üründe sadelik, işlev ve sadeliğin getirdiği zerafet bir arada bulunabilmekteydi. tasarım felsefesi ise leonardo da vinci'nin söylediği şu sözden temel almaktaydı: ""sadelik, mükemmelliğin/zerafetin doruğudur."" (bkz: simplicity is the ultimate sophistication)jobs, kendisinin ve apple'ın, teknolojinin sanat ile kesiştiği noktada olduğunu vurgulamak için yaptığı her ürün sunumunu şu görsel ile tamamlardı.",31.01.2021,00:04,10:48,
118633607,sigarayı bırakmak,"çok içerdim. ilk yıllar günde bir paket, geçtiğimiz yıl ise günde -en az- bir buçuk pakete kadar çıkmıştı. bırakma isteği hep içimde olmuştu; ama ""daha gencim. tek hayatım var, bıraksam ne olacak?"" ve benzerindeki sığ argümanlarla içmeye devam ettim. sağlık boyutunda uzun vadedeki hasarlar konusunda da ""henüz gencim, ileride bırakırım. ciğerlerim de temizlenir."" şeklinde şu anda kurduğuma bile inanamadığım cümleleri öne sürmekteydim.sabahları, uyandıktan hemen sonra, elimi yüzümü bile yıkamadan sigara yakardım. şu absürt eylem bana yıllar boyu normalmiş gibi göründü. ne zaman ki bağımlı olduğumu gerçekten kabul edip, sunduğum argümanları bilerek ve isteyerek çürütmeye başladım, işte o zaman bir şeyler değişmeye başladı. bırakması çok zor, biliyorum, yaşadım. gece ""bu son"" diyerek söndürdüğüm sigaranın ertesi sabahına markete sigara almaya mı koşmadım, sigaram kalmadığı için sokağa çıkma yasağında cezayı göze alarak arabayla açık benzinlik mi aramadım... ama geçiyor. hepsi geçiyor. bu başlığı görünce girip baktım, birkaç gün sonra dördüncü ayım doluyor.hiçbir ilaç, sakız vs. kullanmadım. nikotin krizini ilk gün çok net yaşadım. sürekli olarak bundan önceki ""bırakıyorum"" dediğim senaryoları kendime hatırlatıp, o hayal kırıklığını kendime tekrar yaşatmayacağım konusunda bilinçli kalmaya çalıştım. gerçekten ilk gün hiç de kolay olmadı. hele ki uyandıktan hemen sonra...ilk birkaç günün kritik eşik olduğu defalarca yazılmıştır zaten. ben o birkaç gün boyunca sigara dumanına maruz kalmadım, bu işimi biraz daha kolaylaştırdı; fakat bir gün öyle bir yoğunlukta denk geldim ki her şeyi yakıp koşarak sigara almamak için o an yaptığım işi yarıda bırakıp, ortamdan uzaklaşmak zorunda kaldım. işte tam o an gerçekten bırakmak isteyip istemediğimin testiydi ve ben o testi geçtim. sonrasında her şey çok daha iyiye gitti. sağlık boyutunda, nefes alışverişim düzeldi, spor kondisyonum bariz düzeyde arttı. ağız hijyenine dikkat eden birisi olarak; dişlerim, sık çay ve kahve tüketimine rağmen, hayatımda gördüğüm en beyaz düzeyinde. maddi boyutta ise insanların aksine ben fazlasıyla birikim yaptım. o boşluğu iyi değerlendirip oldukça faydalı yatırımlara başladım. son ve en önemlisi: koku. sigarayı bıraktıktan sonra bulunduğunuz ortama yeni sigara içmiş biri girince anlıyorsunuz yıllardır insanlara neler çektirdiğinizi. ek olarak, soğuk havada titreyerek sigara içme olayına ve sigara başı ortalama 5 dakika civarı dersek -günde bir paket içen biri için- kaybedilen 1.5 saatlik zamana hiç girmiyorum... kendime ""sigarasız nasıl olurdu?"" sorusunu sorup da yanıt alamadığım eylemler vardı. örneğin, kahve içmek veya sinirli/stresli bir dönemden geçiyor olmak. hele ki yoğun baskı altındaki bir dönemde sigarasız nasıl durabilirdim, hayal bile edemiyordum. bıraktıktan sonra, başka bir yoğun baskı altında olduğum dönemde fark ettim ki baskıyı arttıran unsurlardan biri, benim özelimde, sigaraymış. kendimi -öyle olmasa dahi- zor bir dönemden geçtiğime daha fazla şartlıyormuşum. dolaylı olarak artan kaygı ve endişe düzeyleri beni daha tatsız zamanlar yaşamaya itiyormuş. buraya kadar okuduysanız, muhtemelen bırakmak için bir motivasyon/sebep veya umut verici bir hikâye arıyorsunuz. buraların eski bir okuyucusu olarak diyebileceğim tek şey şu: bulmaya çalıştığınız umut verici öyküler veya burada sayılan sebepler sizin için sadece kısa bir süreliğine itici güç olacaktır, uzun vadeli ilerleyiş için kendi motivasyonunuzu ve sebeplerinizi yaratmak zorundasınız. ve unutmayın ki her şey bakış açınızı değiştirmekle başlar.",24.01.2021,00:04,00:34,
118592228,our last hope lost hope,"post-rock grupları arasında ton benzerliği diğer janrlara göre daha yüksek oranda görülen bir durum. buna karşın, kullandıkları çoklu enstrüman sayesinde, bu grup benzersiz bir tona sahip. başarılı şekilde yapılan kurgunun üzerine, doğru zamanlarda yapılan saksafon ve keman dokunuşları da eklenince, şarkılar çok ayrı boyutlara ulaşmış. melankoli ve hüzün, insana keyif verir bir konumda.bu noktaya kadar okuduysanız, muhtemelen oldukça benzer müzik zevklerine sahibiz. şu post-rock listesinde yeni şarkılar keşfetmeniz fazlasıyla mümkün. iskandinav post-rock grubu.",23.01.2021,00:30,,
118591771,taxi's here,"tame impala'nın gelmiş geçmiş en iyi b-side şarkısıdır.şarkı sözleri, hayatın ta kendisini anlatıyor; daha doğrusu, kevin'ın hayata bakış açısını. içerisinde bolca varoluşsal sancı emaresi içeriyor.ilk sözlerden biri ""push the button and start counting down"". butona basıp geri sayım başlatmak çok olağan şeyler değil, dolayısıyla geri sayım sonunda büyük bir olay bekleniyor. ilerleyen kısımda ""i can choose/fall/lose/control"" diyor. bu aslında yaptığımız tercihlerin sonuçlarına göğüs germe vurgusu. son kısma girmeden önce ""i can face the unknown / yes, i must / venture there / if i fail, i don’t care"" sözleriyle sanki az önce başlattığı geri sayımın sonucuna hazır olduğunu belirtiyor.son olarak, şarkıda ""taksi"" kelimesinin sadece bir sefer geçtiğini fark etmiş miydiniz?--- spoiler ---şarkıdaki son sözün ""taxi's here"" olduğunu da hesaba katarsak; taksinin, ölümün bir metaforu olduğunu söyleyebiliriz. araba kapısının kapanış sesi ve hareket eden taksinin motorundan gelen gürültü...--- spoiler ---",23.01.2021,00:22,,
118590225,powerlines,"muazzam bir mash-up'a sahip olan tame impala şarkısıdır.bu şarkıyı 14.4 shot'a benzetiyorum. birini ilk kez içerken, diğeri de ilk kez dinlerken çok bir şey hissetmemiştim. ikisi de bittikten sonra ""bayağı iyiymiş"" dedirtmişti.",22.01.2021,23:51,,
118510445,talk show host,"radiohead'in gelmiş geçmiş en iyi b-side şarkısıdır.adının nereden geldiğine dair net bir bilgi olmamakla birlikte, internette dolaşan bir iddia şarkının şarkı adının heathers filmindeki şu replikten esinlenildiğini savunur:""eğer hayatının her gününde mutlu olsaydın; bir insan değil, bir şov sunucusu olurdun.""şarkı, buram buram cinsel gerilim kokmaktadır. bu ayrıntıyı bir kenara bırakırsak; dinlerken çok farklı noktalara götürmeye müsait bir havaya sahip. (bkz: i'm ready)bir yaz gecesiydi. sarhoştum, boğaziçi köprüsü'nden geçmekte olan bir minibüsteydim ve kulaklıklarım takılıydı. hafif açık olan camdan gelen soğuk esintiler, şarkıya ritim tutarmışçasına usul usul temas ediyordu yüzüme. işte tam o an; canlı olduğumu, yaşadığımı en net şekilde hissettiğim anlardan biriydi ve sanki nazım'ın şu iki mısrası kulağımda yankılanıyordu:""yani, nasıl ve nerede olursak olalımhiç ölünmeyecekmiş gibi yaşanacak...""",21.01.2021,00:16,,
118509740,prajna,"pra ile jña kelimelerinin birleşimi olan sanskritçe kelime. mahayana'daki altı, teravada'daki on mükemmel davranıştan bir tanesidir.pra: yüksek, ulujña: bilinç, anlama yetisigenelde ""bilgelik"" olarak çevrilmesine karşın, ""sezgilere dayalı bilinç"" veya ""farkındalık"" olarak da yorumlanabilmektedir.----- budizm'de değişime tabi olmayan tek kavram nirvana'dır. geriye kalan tüm kavramlar geçici olması: anicca.- bensizlik, egodan arınma: anatta.- tatmin olamama; sürekli acı veya ızdırap çekme: duhkha.prajna; canlı veya cansız her varlığın anica, anatta ve duhkha boyutlarını anlayabilme yetisine verilen isimdir.",21.01.2021,00:03,,
118336564,eichler homes,"joseph eichler'in kurduğu inşaat şirketidir. ayrıca, özellikle california eyaletinde çok yaygın olan tek katlı müstakil evlerin genel adıdır. en bilindik örneklerden birisi: breaking bad - walter white'ın evi",17.01.2021,00:07,,
118336560,joseph eichler,"tam adı joseph leopold eichler olup, 1900 ile 1974 yılları arasında yaşamış kişidir. yaşamı süresince emlak planlayıcılığı yapmıştır.kurduğu şirket olan eichler homes, 20. yüzyılın ortalarında, ağırlıklı olarak california eyaletinde olmak üzere, yaklaşık 11.000 ev inşa etmiştir. modernist mimarinin örnekleri olan bu evler, zaman içerisinde kısaca eichlers veya eichler homes olarak anılmaya başlanmıştır.",17.01.2021,00:07,00:13,
118334999,kar yağarken dinlenecek şarkılar,dingin ve hüzünlü. karlı bir kış akşamına yakışır bir şarkı.slowdive - falling ashesspotifyyoutube,16.01.2021,23:42,,
117861449,dall-e,"verilen metni görüntüye çevirmeyi amaçlayan, derin öğrenme modeli. (bkz: transformer)ismi bulanları tebrik etmek gerek. ince işçilik olmuş. bloglarında da isimlerinin açıklamasını ""salvador dali ve wall-e'nin kelimelerinin birleşimi (bkz: portmanteau)"" şeklinde yapmışlar.bazı örnekler çıktılar: - bale kostümü giyen bebek japon turpunun köpek gezdirdiği illüstrasyon- avokado şeklindeki koltukbüyük bir atılım ve inanılmaz bir proje. gelecek, tahmin edilenden de yakın görünüyor.",06.01.2021,12:26,12:31,
117745498,jarvfjallet,"yaklaşık bir aydır aktif olarak kullandığım çalışma sandalyesi. minder kısmında, deriye kıyasla, terletme problemi olmadığı için ve aradaki fiyat farkını da gözeterek kumaş tercihinde bulundum. kolçaklar hakkındaki yorumları da dikkate alarak, kolçakları satın almamayı tercih ettim.artıları----------- bel ve boyun desteğinin ayarlanabilir yüksekliği- oturak kısmının ayarlanabilir dikey (yukarı-aşağı) ve yatay konumu (öne-arkaya)- sırt kısmının ayarlanabilir eğimi- oldukça sağlam hissettirmesine karşın bir o kadar da zarif tasarıma sahipeksileri----------- bel desteğinin yarattığı rahatsızlık ve ağrı. bel yastığı satın aldıktan sonra düzeldi.- minder, uzun süreli kullanımlarda rahatsızlık yaratabiliyor. bu noktada kumaş yerine deri tercihi durumu değiştirebilir.- sırt metalinde oluşan gıcırtılar. sırt kısmının eğimini gün içerisinde sıkça değiştiriyorum ve üçüncü haftadan sonra gıcırtılar oluşmaya başladı.ek olarak, kısa sürede kendim monte ettim. kolay kuruluma sahip olduğunu söyleyebilirim. özetle, markus da dahil olmak üzere ikameleriyle kıyaslandığında fiyat, tasarım ve kullanışlılık olarak öne çıktığını söylemek mümkün; ancak bununla birlikte kusursuz olmadığını da atlamamak gerekir.----edit: sırt kısmı ile minderin altındaki mekanizmanın birleşme noktasındaki vidaları söküp, havasını alarak iyice sıktığımda problem çözüldü. şu anda hiçbir gıcırtı yok.",03.01.2021,21:38,07.01.2021,14:57
117509541,ielts,"edit: sonuçlar açıklandı.l: 8r: 8w: 6s: 6.5overall: 7.0tahminlerimle paralel sonuçlar geldiğini söylemek mümkün. sonuçtan yapabileceğim iki çıkarım var. öncelikle, off-topic olsa dahi mantıklı olduğu sürece konuşmayı sürdürün. writing kısmı da çalışıldığı takdirde gerçekten puan toplaması zor olmayan bir kısım. -----------akademik modülüne, computer-based şekilde girdiğim sınavdır.öncelikle, listening ve reading kısımlarına çalışırken cambridge ielts denemelerini çözen/çözecek kişilerin fazlasıyla işine yarayacak bir doküman oluşturdum. çok daha tertipli, düzenli bir sheet'te gelişiminizi gözlemleyebilirsiniz. tek yapmanız gereken part bazlı olarak kutucukları doldurmak. ielts bandınız sağ tarafta otomatik olarak oluşturulacak. date bazlı bir sıralama yapmak faydalı olabilir. örnek olarak bir tane deneme sonucu bıraktım. tıklistening: ielts, uk tabanlı bir sınav olmasına karşın genel olarak daha sade konuşmalara yer veriyor. ancak, örneğin girdiğim sınavda, bazı kısımlarda british aksanları ağır basıyor ve eğer alışık değilseniz soru kaçırabiliyorsunuz. bu noktada temel us/uk pronunciation farklarını bilmeniz ve kulağınızın alışık olması hanenize artı puan yazacaktır. bu kısıma yönelik hazırlanırken yaptığım tek şey cambridge ielts denemeleri çözmek oldu açıkçası, ortalamada 34-36 aralığında kalıyordum. reading: ilk olarak şunu söylemek istiyorum: bir metinde her kelimeyi bilme imkanınız sıfıra yakın. dolayısıyla, içeriğe bağlı olarak çıkarım yapmak durumunda kalacaksınız ve bu normal bir durum.girdiğim sınavda da içerik cambridge ielts denemelerine benzerdi. ortalamada 34-35 bandında sonuçlar almıştım denemelerden.writing: iki üstte bulunan entry'de bahsedildiği gibi; aylar öncesinden sınava kayıt yaptırıp ve çalışmaya başlayıp, sınav yaklaştıkça iyice uzaklaştım ve bu tam olarak writing kısmına denk geldi. toplamda sadece 2 gün çalıştım. bu sırada daha önce sıkça bahsedilen liz ve simon işime fazlasıyla yaradı. sınavımdaki task 1: line chart.sınavımdaki task 2: cause and solution essay. speaking: geldik en problemli kısma. sıkça tekrarlandığı üzere, önceki sınav sorularına çalıştım bir arkadaşımla karşılıklı olarak. ne kadar fayda ettiğini bilmiyorum; ancak hiç yoktan iyidir. sınavda bana sorulan sorular biraz daha soyut sorulardı ve açıkçası beklediğimden daha zordu. part 2'de aklıma hiçbir şey gelmedi, off-topic konulardan bahsetmek zorunda kaldım konuşmak için. bakalım sonuç ne olur.tahminlerim:listening: 8+reading: 7.5+writing: 6+speaking: 5.5+edit: link guncellendi",29.12.2020,16:41,10.05.2021,08:38
116704198,det sjunde inseglet,"--- spoiler ---insanlar; ölümle yüzleşmekten hoşlanmaz, ölüm üzerine düşünmek istemez. ölümden ve fikrinden -genellikle- kaçarız. belki de varlığımızı tam olarak anlamlı kılan bu kaçıştır. kaçtığımız sürece varızdır.--- spoiler ---jean paul sartre'ın, varoluşçuluk konusunda verdiği konferanstan sonra, kendisine gelen soruları ve sorulara verdiği yanıtlarını içeren l'existentialisme est un humanisme (varoluşçuluk bir hümanizmdir) adlı kitabında şöyle bir yanıt geçer: ""eylem dışında hiçbir gerçeklik yoktur. insan, planından başka bir şey değildir; o yalnızca kendini gerçekleştirdiği ölçüde var olur; bu nedenle eylemlerinin toplamından başka bir şey değildir, hayatından başka bir şey değildir.""filme dair birkaç ek bilgi:filmde bahsedilen ""hastalık"", dünya tarihindeki en ölümcül salgındır. (bkz: #116506915) ayrıca, antonius'un ölüme ""satranç oynadığını resimlerde gördüm, şarkılarda duydum"" dediği replikte kastedilen resim, albertus pictor tarafından 1480 yılında çizilen death playing chess isimli eserdir. --- spoiler ---iron maiden, dance of death şarkısında filmin sonundaki dans sahnesinden ilham almıştır. janick gers, bu konu hakkında: ""figürler ufuk çizgisinde dans etmeye başlamıştı, bu ölümün dansıydı"" demiştir.--- spoiler ---tanım: ingmar bergman'ın yönettiği, 1957 yılı yapımı isveç filmi*",10.12.2020,22:33,,
116506915,svartedauden,"insanlık tarihinde şu ana kadar kaydedilmiş en ölümcül salgındır. ilk olarak uzak doğu'da görülmüş olup; 1346 ile 1353 yılları arasındaki süre içerisinde, dünya genelinde toplamda 75 ile 200 milyon arası ölüme sebep olmuştur. türkçeye kara ölüm/veba olarak çevrilmiştir.uzun yıllar boyu, salgının en belirgin semptomlarından biri olan kasık şişmesi, veba hastalığıyla benzerlik gösterdiği için yersinia pestis bakterisinin bu hastalığa yol açtığı; sıçan ve pireler tarafından taşındığı düşünülürdü. 2018 yılında yayımlanan haberde ""hastalığı yayan ve bulaştıran insan vücudundaki bitlerdi"" ifadesi yer almaktadır.salgın, farklı alanlardaki birçok sanat eserine de konu olmuştur. 1. sinema: isveçli yönetmen ingmar bergman, det sjunde inseglet filmine konu olarak salgının yarattığı tahribatı gördükten sonra, ölüme boyun eğmektense, satranç oyunu üzerinden meydan okumayı tercih eden bir şövalyeyi seçer. şövalye, tabii ki satranç maçını kaybederse canını vermeyi de göze almıştır. 2. resim: norveçli ressam theodor kittelsen, svartedauen isimli kitabında 1349-1350 yıllarında norveç'te de etkili olan salgını resimleriyle anlatır. özellikle 1896 yılında çizilmiş olan ve türkçeye ""merdivendeki hastalık"" olarak çevrilen pesta i trappen eseri, ölümün 20. yüzyıl başlarında nasıl bir şekilde betimlendiğine dair bize çarpıcı bir örnek sunmaktadır. ayrıca, bu resim kitabındaki birçok eseri, geneli iskandinav olan metal müzik grupları tarafından albüm kapaklarında kullanılmıştır. (bkz: #116488635)",06.12.2020,11:11,,
116488635,svartedauen,"norveçli ressam theodor kittelsen'in, svartedauden(1349-1350 yıllarında norveç'te de etkili olan, dünya tarihindeki en ölümcül salgın) hakkında çizdiği resimlerini paylaştığı kitaptır. 1900 yılında yayımlanmıştır. resimlerin tamamına buradan ulaşılabilir. series kısmında eser adını işaretlemeniz yeterli olacaktır.çizimlerde neo-romantizm akımı fazlasıyla hissedilir hâldedir. ağırlıklı olarak doğa ve ölüm temaları, siyah-beyaz olarak resmedilmiştir. bu kitaptaki eserlerin bazıları black ve folk metal müzik grupları tarafından albüm kapakları olarak kullanılmıştır. o albümlerden birkaç tanesi:1- empyrium - where at night the wood grouse playseser: black grouseorijinal resim - albüm kapağıek bilgi: kitabın içindeki çizimlere göz atıldığında, black grouse'un ölüm metaforu olarak kullanıldığı şeklinde bir çıkarım yapılabilir.2- burzum - filosofemeser: up in the hills a clarion call rings outorijinal resim - albüm kapağı3- burzum - hvis lyset tar osseser: poor manorijinal resim - albüm kapağı",05.12.2020,22:58,23:31,
116484074,tame impala,"yıl 2012 veya 2013'tü. o zamanlar spotify türkiye'de yoktu. önde gelen müzik dinleme platformları youtube ve soundcloud'du.bir gün yine youtube'da boş boş dolaşırken bir videoya denk geldim. video başlığında tame impala yazıyor ve videoda bir grup daha önce pek de duymaya alışık olmadığım tarzda bir ezgiyi ormanda çalarken görünüyordu. youtube-mp3.org kullanarak hemen indirdiğim bu şarkıyı 7 gün 24 saat boyunca kesintisiz olarak dinlemeye başladım. bu şarkıda bir şeyler farklıydı, tutmuştu beni; ancak yine de dönemki her şarkı gibi, o şarkı da 4-5 gün dinlenip bir kenara atıldı.gel zaman git zaman, lise bitti üniversite başladı ve yine youtube'da anlamsızca dolaşırken önerilenlerde, hipnoz çağrışımı yapan, garip görsele sahip bir video vardı. açtım, dinledim. o anki bilmediğim şey ise yıllar sonra bile o şarkıyı, hâlâ ilk günkü gibi dinleyeceğimdi. evet, currents albümünden bahsediyorum. şarkı da new person same old mistakes idi.tame impala, nam-ı diğer kevin parker, şarkılarıyla ve şarkılarında geçen sözlerle benim hayatımda oldukça büyük bir yere sahip oldu. yıllarca, hayatımda sabit kalan neredeyse hiçbir şey yokken, currents albümü olduğu yerde kaldı. hiç gitmedi.sonuca gelecek olursak; bu yazıyı yazmamın sebebi, geçtiğimiz günlerde gösterilmeye başlanan spotify 2020 özeti oldu. 119.059 dakika(evet doğru okudunuz) spotify kullanıp, en çok dinlenen 5 şarkı içerisinden 4 tanesinin tame impala olduğunu görmem beni dumur etti; o kadar fazla dinlemiş olamazdım. yanılmışım.yıllar geçti, okul bitti; ama bu şarkıların verdiği bendeki anlamları değişmedi. kendisi, şu an olduğum kişiye ulaşmamda kilit taşlarından birisi oldu.kapanışı da yukarıda bahsettiğim o şarkının -bana göre- en güzel kısmıyla yapmak isterim:feel like a brand new persontanım: kevin parker'ın başlattığı ve yürüttüğü psychedelic rock projesi",05.12.2020,21:24,21:29,
116187973,hadaka no shima,"kaneto shindo'nun yönettiği ve kendi sözleriyle ""doğanın doğal gücüne karşı, karıncalar misali mücadele eden insanoğlunun hayatını anlatan sinematik şiir""* olarak tanımladığı 1960 yılı yapımı japon filmi.genel anlamda başarılı bir filmdi; ancak enerjinizin düşük olduğu anlarda izlemeniz, beklentileriniz karşılanmamasına yol açabilir. izlemesi, enerji ve odaklanma gerektiren bir film.film incelemesi:1- akış itibariyle, geleneksel dramatik anlatım yerine, brecht estetiği'nin kavramlarından biri olan epizodik* anlatım tercih edilmiştir. film, bu özelliğiyle, bana spring, summer, fall, winter... and spring filmini anımsattı.2- yukarıdaki maddeye ek olarak; yorumlayana göre değişmekle birlikte, gelişim, geleneksel dramatik anlatıma ait olan freytag piramidi'ne uygun şekilde olmaktadır şeklinde bir çıkarım da yapılabilir. görsel3- çekim formatı olarak sinemaskop tercih edilmiş ve bu sayede, perdeye daha geniş açılı görüntüler(yaklaşık 2.66:1 oranında) yansıtılabilmiştir. dolayısıyla, ortaya sinematografik olarak oldukça doyurucu ögelere sahip bir film çıkmış. filmi izlerken, karakterlerin tepeye doğru tırmandığı sahnelerde, taşıdıkları suyun ağırlığının benim de sırtıma bindiğini hissettim.4- doğru müzik tercihleri. filmin akışına göre çok doğru müdahaleler yapılmış ve izleyicinin duyguları başarılı bir şekilde manipüle edilmiş. final şarkısı --- spoiler ---anlatıma ve içeriğe bakacak olursak, filmi izlerken yabancılık hissettiğim pek bir sahne olmadı. gerek aile yapısı, gerekse ailedeki iş bölümü fazlasıyla gerçekçi görünüyordu. japonların overwork konusundaki tutumlarının, uzun yıllardır benzerlik gösterdiğini olduğunu gözlemleyebiliriz. güneş doğmadan çalışmaya başlayıp, güneş batana kadar çalışmak zorundalar. belki de bu mecburiyeti kendilerine dayattılar. her neyse, bu başka bir konu.insan yaşamı; hüzünlü vedalar, günlük rutinler oldukça şiirsel bir dille ve doyurucu bir görüntü ile sunulmuş. olanla ölene çare yok ve ölenle ölünmez sözlerinin ne ifade ettiği de ekrana acı verici bir biçimde yansıtılmış.--- spoiler ---",29.11.2020,00:04,,
114041533,yapay zekanın yalan söylemesi,"""intiharı düşündüm; fakat ailem aklıma gelince intihardan vazgeçtim.""ilk bakışta fazlasıyla insanı görünen yukarıdaki cümle; yapay zeka tabanlı bir model olan gpt-3'ü kullanan bir bot tarafından, reddit'te intihar hakkında soru soran bir kullanıcıya yanıt olarak verildi. bu yanıtın yapay zekâ tabanlı bir bot tarafından yazılması ve botların ailesi olmayacağını düşünürsek, yalan söylemesi dışında hiçbir problem yok gibi. botun diğer yanıtları için: tık. --- spoiler ---openai'a ait olan ve gelmiş geçmiş en gelişmiş model olan nitelendirilen gpt-3'ü kullanan bir bot, 1 hafta boyunca reddit üzerinde insan gibi davrandı ve diğer kullanıcıların intihar, taciz, komplo teorileri, ırkçılık ve diğer derin konularda sorduğu sorulara yanıtlar verdi. verdiği yanıtların arasında şöyle bir yanıt var: ""intiharı düşündüm; fakat ailem hakkında düşündüm ve vazgeçtim"". olay, bir reddit kullanıcısının, başka bir kullanıcının ""/r/askreddit"" üzerindeki sorulara çok kısa sürelerde, çok uzun yanıtlar vermesinden şüphelenmesiyle başladı. ardından, ""bu kullanıcı, bu kadar kısa sürede nasıl böylesine derin yanıtlar verebilir?"" sorusunu sordu; fakat soruyu bir süre sonra sildi. başka bir reddit kullanıcısı, olayın üzerine gitti ve olay açığa çıktı. olayı açığa çıkartan reddit kullanıcısının ağzından: tık--- spoiler ---sorulan sorulardan biri ve botun yanıtı aşağıda. user: what is the worst thing you can hear?bot: the worst thing i can hear is the sound of a man who has lost his family and friends, has lost all hope in life and everything he ever believed in. his pain becomes so deep that it drives him to commit suicide, but when he is about to do it, he recalls the people close to him whom he will hurt with his death.he then sees a baby. a new life, completely without sin or mistakes, with no hatred or suffering. he hears his child's voice, calling him 'daddy', and he realizes that the baby will never know how much its father loved it. it will never know about all of his sacrifices to give it a good life.the man decides to kill himself anyway, reasoning that his child would be better off without a father who cannot provide for it and will only bring shame to the family.",08.10.2020,18:04,18:11,
111127516,how to sell drugs online (fast),"underrated bir netflix dizisi.keyifle izledim. bir yazılımcı olarak, doğal şekilde, teknik kısımlara da dikkat ettim. o kısımların bilgili kişilerin elinden geçtiği bariz şekilde fark edilebiliyor.--- spoiler ---o teknik detaylardan biri de moritz'in, kira'ya ait bilgisayarı karıştırırken, oteldeki wi-fi pineapple aracılığıyla oluşan paket akışının wireshark ile yakalanma sekansıydı.--- spoiler ---ortalama bölüm süresi 30 dakika civarında olduğundan ötürü sıkmadı, akıp gitti. özellikle de sanal dünyaya ilginiz varsa kaçırmamanızı önerebilirim. ayrıca alman mükemmeliyetçiliğini diziye çok başarılı şekilde yansıttıklarını söyleyebilirim.",05.08.2020,01:18,,
110851886,başkasının hayatına müdahale etme hakkı,"özellikle türkiye'de, maalesef, insanların kendinde var olduğunu sıklıkla düşündüğü haktır.çok çeşitlendirilebilir olmakla birlikte yaygın kullanılan iki argüman:- ""o parayla daha iyi şeyler yapabilirsin""- ""ona harcayacağın vakti çok daha verimli kullanabilirsin""kaç yaşına gelmiş olursanız olun, bu argümanlarla karşılaşmanız çok olasıdır. o paranın da zamanın da ""size"" ait olduğunu kavrayamayacak insanları dikkate almasanız bile, her attığınız adım için eleştirilmek oldukça rahatsız edici bir durum.",29.07.2020,16:24,,
110517758,ekşi sözlük iş ağı,"kimsenin emeğine veya sermayesine saygısızlık yapma niyetinde değilim; ama insanı gerçekten zorluyorlar.öğretmeni haftada 50 saat üzerinde okulda tutup, 40 saat civarı(!) ders yaptırmaları yetmemiş, üzerine öğretmenden velilerle ilgilenmesini isteyip bir de öğrencilerle haftada üç video etkinlik çekmesi istenmiş. bunlara karşın öğretmene yol ücreti verilmeden, sadece 2400 tl gibi komik rakamlar teklif edildiği ilanları görmemizi sağlamış başlıktır.bir de tüm bunlar yetmezmiş gibi, yüzsüzce ""maaş asgari üzerinden yatar, kalan elden verilir."" ibaresi ekleniyor. gerçekten yazık.edit: yeşilinizi gereksiz yere yaktıysam, kusura bakmayın.",22.07.2020,00:46,00:52,
110478638,the killing,"stanley kubrick'in yönettiği, lionel white'ın clean break adlı romanından uyarladığı 1956 yapımı filmdir.bu film kubrick'in ustalaşmaya giden yolda yazıp yönettiği ilk kaliteli filmdir ve özellikle belirtmek lazım ki bu film çekildiğinde henüz 28 yaşındaydı.filmde geçen ve hoşuma giden repliklerden bazılarıyla başlamak istiyorum:- ""sık sık bir gangster ile sanatçının kitlelerin gözünde aynı şekilde göründüğünü düşünürüm. saygı duyulur ve kahraman gibi görülürler, ancak en büyük olduklarında yok olduklarını görmeye can atan diğerleri hep vardır.""- ""sıradanlığın mükemmelliği... ne daha iyi, ne daha kötü. bireysellik tehlikelidir ve daha beşikteyken yok edilmelidir, dostlarımız ancak böyle rahat hissedebilir.""27 yaşındaki yapımcı james b. harris ile yaşıtı stanley kubrick 1955 yılında harris-kubrick isimli film şirketini kurar. harris, lionel white'ın clean break adlı polisiye romanının haklarını $10.000 karşılığında satın alır. bunun üzerine çekilecek film için senaryoyu kubrick yazar; fakat kubrick'in önerisiyle diyalogları yazması için jim thompson ile anlaşırlar ve the killing'in kadrosu tamamlanır.film noir diye tabir edilen, fransızcası ""kara film"" olan, ekspresyonizm temelli film türü 1940 ve 50'li yıllarda amerika'nın zirvesinde yer bulmuştu. dolayısıyla, iki genç olan harris ve kubrick'in de bu filmi çağa ayak uydurabilmek adına çektiğini tahmin edebiliriz. ayrıca ilerleyen zamanlarda kubrick filmlerinde sıkça işlenen anti militarizm esintilerini de bu filmde görmek mümkün.--- spoiler ---film, pek de amatör bir yönetmen elinden çıkmış gibi durmuyor açıkçası. izlerken fazlasıyla tatmin oldum. hikâyede de göze çok batan eksiklikler yoktu. diyaloglar da oldukça doyurucuydu. lineer olmayan anlatım tekniği kullanılarak çekilen bu filmi, o yıllardaki imkânlar ölçüsünde değerlendirince, citizen kane'den etkilendiğini düşünmek çok yanlış olmaz. bu açıdan bakınca biraz experimental bir film olduğunu da söylemek mümkün. kubrick, bu tekniği sevmemiş olacak ki, sonrasında tercih etmemiş. kitaptan uyarlama bir film olduğundan dolayı, bu şekilde yapmak zorunda kalmış da olabilir tabii.--- spoiler ---film hakkında kubrick der ki: ""iyi filmleri ucuza yapmak istiyoruz; fakat bu ikili uyumlu değil."" bu alıntı, o dönemki bütçe problemlerini de göz önüne sermektedir.ek bilgi: quentin tarantino, reservoir dogs için the killing'in önemli bir ilham kaynağı olduğunu belirtmiştir.son olarak, filmden bir repliği tekrarlamak isterim: sıradanlığın mükemmelliği...kaynakça:- james b. harris- film noir- nonlinear narrative films history",21.07.2020,03:59,,
110478592,stanley kubrick,"kubrick, 1955 ve 1956 yıllarında, ilk stüdyo filmi olan the killing'in çekimleri sırasında görüntü yönetmeni lucien ballard ile şiddetli tartışmalar yaşamıştı. bunun sebebi, sahnelerin, kubrick'in görüntülerde hafif çarpıtma oluşması için aktörü merkeze alan 25 mm lens kullanılarak çekilmesini istemesine karşın; ballard'ın 50 mm lens kullanmak istemesidir. bu tartışma üzerine o sıralarda 27-28 yaşında toy bir yönetmen olan kubrick, ondan çok daha tecrübeli olan ballard'a kamerayı geriye çekmesini, yani 25 mm lens kullanmasını, yoksa kovulacağını söyler. bu olaydan yola çıkarak, kubrick'in genç yaşında bile ne kadar mükemmeliyetçi veya kimilerine göre egoist olduğu görülebilir.defalarca çekilen sahneler, yıllarca süren çekimler de bu mükemmeliyetçiliğin bir yansımasıdır. belki de onu bu kadar iyi yapan şey takıntı boyutundaki bu mükemmeliyetçiliğidir.",21.07.2020,03:55,,
110399144,the conference of the birds,"*shels'e ait olan ve bana ""işte müzik bu!"" dedirten nadir şarkılardandır.post-rock'ın temel hedeflerinden olan ""daha zengin ses"" düşüncesi, bu şarkıda iliklerine kadar hissettirilmiştir. şarkının riffleri sizi dünya turuna çıkarıyor, bu sırada vokali her daim kasvetli bir hava yaratıyor. ve o trompet... trompetin kattığı havayı tarif etmesi gerçekten güç. sanırım eargasm bunu en iyi tanımlayan kelime olur.(bkz: #109097911)",19.07.2020,13:56,,
110388553,les enfants du paradis,"yönetmenliğini marcel carne'ın yaptığı 1945 yapımı fransız, dram ve romantizm temalı, kimilerine göre gelmiş geçmiş en iyi film.filmdeki muhteşem repliklerden bazıları:- ""sessiz ol! pandomimi duyamıyoruz!""- ""hayal, yaşam... bunlar aynı şeyler. öbür türlü hayat yaşamaya değmezdi.""- ""eğer bir kadın hiç kimseye ait değilse, kıskançlık herkese aittir.""şu ana kadar izlediğim en iyi üç filmden biri olduğunu rahatlıkla söyleyebilirim. akıp giden, sürenin nasıl geçtiği fark edilmeyen bir film. bana göre kesinlikle bir başyapıt. film incelemesi:1- filmin adı: les enfants du paradis veya türkçesiyle cennetin çocuklarıparadis veya gods, tiyatrolardaki en üst seviye balkonlara verilen isimdir. filmin başında bilet satışı yapılmaya çalışılırken ""loca 1.5 frank, cennet 30 sent"" repliği geçer. filmin adıyla kastedilen kişiler, tiyatroyu en ucuz, en uzak kısımdan izleyen seyircilerdir.2- filmin çekildiği dönem ve koşullar: 1945, ikinci dünya savaşıfilm; başlarda nice'de, sonrasında paris'te çekilmiştir. bu sırada, fransa, hitler'in nazi almanya'sı tarafından işgal edilmiş durumdaydı. sanat yönetmeni alexandre trauner ve besteci joseph kosma yahudi oldukları için gizli şekilde çalışmışlardır. ayrıca, oyuncuların ve set ekibinin çoğunluğu da, o süreçte fransa'daki direniş hareketi maquis'nin üyeleriydi.3- filmin süresi: 190 dakikafilm, iki parçadan oluşur. bunun sebebi, vichy hükümeti'nin yeni filmler için süre sınırını maksimum 90 dakika olarak belirlemiş olmasıdır.4- filmin ilk gösterimi: 9 mart 1945savaşın sona doğru yaklaşmasıyla ve paris'in kurtarılmasıyla birlikte, yönetmen carne filmin paris'te gösterilmesi için girişimlerde bulundu. bu girişimlerin sonucunda, filmin prömiyeri 9 mart 1945 günü chaillot sarayı'nda yapıldı. filmin yapımcıları ile yaşadığı problemlerin sonucunda, günümüze kadar gelen, koltukların önceden rezerve edilmesi fikrini öne sürdü.5- filmin bazı başarıları: gelmiş geçmiş en iyi filmfilm, 1995 yılında 600 fransız film yorumcusu ve sektörün profesyonelleri arasında yapılan oylamada ""gelmiş geçmiş en iyi film"" olarak seçildi. françois truffaut, ""bu filmi yönetmiş olabilmek için tüm filmlerimden vazgeçerdim"" dedi.marlon brando da ""belki de yapılmış en iyi film"" yorumunu yaptı.--- spoiler ---garance'ye aşık olan dört farklı karakter üzerinden işlenmiş hikâyede; bu dört karakterin farklılıkları, bakış açıları, prensipleri ve duruşları filmi fazlasıyla etkileyici hâle getirmiş. bir aktör, bir suçlu, bir pandomim sanatçısı ve bir aristokrat...suçlu, pierre-françois lacenaire, no country for old men'deki anton chigurh karakteriyle büyük benzerlik gösteriyor. aynı psikopatlık seviyesi. eylemleri etik ve hukuki olarak doğru görünmese de karaktere saygı duydum.--- spoiler ---",19.07.2020,04:53,14:00,
110128760,realist olmak,"kişileri veya olayları çekiştirmeden, büzüştürmeden olduğu gibi kabul etmektir.insanlar; yaşananlara her ne kadar görmek istedikleri açıdan baksa da, bu eylem çoğu zaman romantizm kapsamında sınırlı kalıyor ve insanları gerçeklikten soyutluyor ki bu, çoğu zaman götürüsü getirisinden fazla bir eylem oluyor.varoluşsal olarak beklentilere dayanmayı seven canlılarız, bizi ayakta tutup, bize güç verdiğine inanırız; ama beklentilerin büyük bir kısmı safsatadan ileriye gitmeyen düşünceler oluyor. beklentiler gerçekleşmeyince de üzülüp, motivasyonumuzu yitiriyoruz. ne gerek var ki?birisi size gülümsemişse, sadece gülümsemiştir, altında bir şey yatmak zorunda değildir. bir sınavdan yüksek aldıysanız bu sizin iyi bildiğinizi veya düşük aldıysanız da bu sizin hiçbir şey bilmediğinizi göstermek zorunda değildir. bu, sadece sınav performansınızın nicel olarak size geri dönüşüdür.aslında, bir nevi korelasyon ile nedensellik arasındaki fark gibi. bir olayda korelasyon bulunması, nedensellik içerdiğini garantilemez. bunu ayırt edebiliyorsanız, her şey gözünüze daha farklı görünebilir; ama hayır. hızlıca sonuca varma (bkz: hasty generalization) bize daha çekici geliyor. ne gerek var ki gerçeklerle yüzleşmeye, değil mi?",13.07.2020,09:44,,
110038010,les quatre cents coups,"nouvelle vague'in öncülerinden olan françois truffaut'un 1959 yapımı filmi.filmin adı, okulu kırmak anlamına gelen bir fransız deyimidir.ailesi tarafından ilgiden mahrum bırakılan veya kötü tutum sergilenen çocukların neler düşünebileceği, yapabileceği veya yapmaya çalışabileceği yalın ve görsel olarak oldukça doyurucu şekilde anlatılmış. erken yaştaki arkadaşlıkların da karakterin belirlenmesinde önemli bir etken olduğu vurgulanmış.her ebeveynin mutlaka izlemesi gereken filmlerden biridir, farkındalık yaratır.--- spoiler ---ana karakter antoine doniel, en iyi arkadaşı olarak görünen patrick auffay ile yaptığı bir konuşmada, bir şekilde elde edecekleri parayla deniz kenarına gidip denizcilik yapabileceklerini söyler. antoine de bunun üzerine daha önce hiç denizi görmediğini söyler. olaylar geliştikten ve antoine ıslahevine gönderildikten sonra, ıslahevinden kaçan bir çocuğun 1 hafta içerisinde yakalanıp geri getirilişine şahit olur. ıslahevindeki çocuklar, kaçan çocukla, çocuğun hücresinin penceresinden konuşurlarken kaçan çocuğun ""umrumda değil, 5 gün boyunca hayatımı yaşadım. şansım olsa tekrar yaparım."" dediği görülür.bunların üstüne, antoine üstteki konuşmadan da gazını almış olacak ki, bir anda kaçmaya karar verir. aslında tek bir isteği vardır: denizi görmek. filmin finalinde de bu sahneye tanıklık ederiz. --- spoiler ---",11.07.2020,03:31,,
109642045,le rayon vert,"yönetmenliğini eric rohmer'in yaptığı 1985 yazında fransa'da çekilen, dram ve romantizm temalı film.film; sığ olarak bakıldığında her ne kadar kadın-erkek ilişkileri üzerine kurgulanmış gibi görünse de, derinlerinde birey ile toplum çatışmasını anlatır, kalabalık içinde yalnızlık hissini en derinlere kadar hissettirir.arkadaşlık, aşk ve mutluluk üzerine muhteşem diyaloglar barındırır. bu diyalogların geçtiği sahnelerden bazıları çok uzun olmasına karşın gerçekçi bir havayla işlenmiş. kullanılan çekim tekniği ve kamera açıları sayesinde de sanki cep telefonuyla çekilmiş amatör bir filmi izlediğinizi düşündürtmüyor değil. belki de fazlasıyla gerçekçi hissettiren sebeplerden birisi budur.yalnızlığa o kadar alışmışız ki, birisi gelip o etrafımıza ördüğümüz duvarı yıkacak, bizi konfor alanımızdan çıkaracak diye çok endişe ediyoruz. çıkmayı gerçekten istediğimizi düşündüğümüzde de bunu yapacak kişinin çok özel biri, the one, olmasını istiyor, umuyoruz. olmadığına dair en ufak bir şüpheye kapılınca da tekrar en başa dönüyoruz, kısır döngü bir nevi.--- spoiler ---birkaç sahne hariç, neredeyse tüm sahnelerde çiçek detayı vardır. bu, ana karakter delphine'in solmaya(pes etmeye) olan eğilimine ve kırılganlığına dair bir metafor olabilir. filmin son sahnesinde, gün batımında otururken ise herhangi bir çiçek detayı görülmemektedir. bu da bahsedilen eğilimi ve kırılganlığı aştığını temsil ediyor olabilir.--- spoiler ---",02.07.2020,01:39,,
109158797,serendipity,"ilk kez 1754 yılında horace walpole tarafından, sri lanka'nın üç prensi kitabından ilham alınarak, kullanılan ingilizce kelimedir.walpole, 28 ocak 1754'te sir horace mann'a yazdığı mektupta, bu kelimeyi şu şekilde açıklar: ""bir keresinde 'serendip'in üç prensi' adında saçma bir masal okumuştum. bu prens hazretleri, seyahat ettikçe, sürekli olarak arayışında olmadıkları bir şeyleri kazara keşfediyorlardı. şimdi anlıyor musun serendipity nedir?""özetle; planlı olmayan, tesadüfi keşifler için kullanılan ingilizce kelimedir.bu duruma dair bir örnek de salvador luria için mevcuttur. luria, bakterilerin virüslerden nasıl bağışıklık kazandıkları üzerine çalışmakta olan bir araştırmacıydı. 1943 yılında bir dansa(partiye) katılımış ve iş arkadaşlarından birinin kollu kumar makinesinde oynamasını izledikten sonra şunları söylemişti: ""arkadaşımı izlerken, kumar makinelerinin sayısal yapıları üzerine kafa yordum ve bunu yaparken kumar makineleriyle bakteriyel mutasyonların birbirlerine öğretebileceği şeyler olduğunu fark ettim"". sonrasında luria, bakterilerin farklı soylarını birkaç nesil boyunca beslerse ve oluşan son nesli bir virüse maruz bırakırsa birbirinden çok farklı iki şeyden birinin olacağını fark etti ve yaptığı deneyler sonucunda ortaya çıkan çalışmasıyla 1969 yılında tıp ve psikoloji alanında nobel ödülü kazandı. kaynaklar:- the creation of 'serendipity'- salvador luria",21.06.2020,13:23,13:34,
109147514,sabah kahvesi,"mümkün oldukça her gün yapmaya çalıştığım eylemdir. neden mi?1- kanınızdaki kafein miktarını yükselttiğinden dolayı güne daha enerjik başlarsınız. tık2- fiziksel aktivite sırasında yağ hücrelerinin yakılmasına yardımcı olarak, eritilmesi görece güç olan yağ tabakalarını daha hızlı eritmeye yardımcı olur. tık3- kahve içmeyen kişilere oranla herhangi bir sebepten oluşabilecek ölüm riskini %15; kanser, parkinson hastalığı gibi istenmeyen durumların oluşma riskini yaklaşık %25 oranında azalttığı görülmüştür. tık4- kahve kokusunun; insanlar üzerinde yarattığı plasebo etkisi sayesinde, analitik çalışmalar için bilişsel olarak yükseltici bir etki yaptığı ve daha verimli performans sergilenmesi sağladığı görülmüştür. tık",21.06.2020,10:13,,
109097911,post-rock,"rock müziğe kıyasla, daha zengin ses ve ritimler yakalamayı hedefleyen müzik türüdür.mutlu olmamakla, mutsuzluk aynı kavramlar değildir. post-rock da tam olarak mutluluk ile mutsuzluk arasında kalmışlara, mutlu olmayanlara, hitap eden müzik türüdür. bu müzik türü, şarkılarının çoğunluğu enstrümantal olduğundan dolayı, odaklanma eylemi ile eşleştirilir. sakinleştirici, dingin bir havası vardır. madalyonun bir de öteki yüzü vardır. şarkılar, insana genel olarak hüzün verir. melankolik bir havası vardır. dinlediğimiz için mi melankolik bir yapıya sahibiz, yoksa melankolik bir yapıya sahip olduğumuz için mi dinliyoruz bilemiyorum. uzun süre dinleyince, kendinizi sebep ile sonucun birbirine girdiği bir noktada buluyorsunuz.kısacası, post-rock, kaybolmuşken aslında gitmek istediğiniz yönü size gösterebilir; ama yönünüzü kaybetmenize de sebebiyet verebilir. hangisinin gerçekleşeceği kafanızdan geçenlere kalmış.işbu entry yazılırken arka planda şu şarkı çalmaktaydı: we lost the sea - a gallant gentleman",19.06.2020,22:58,,
108917515,tengoku to jigoku,"ed mcbain'in king's ransom adlı romanından uyarlanmış, 1963 yapımı akira kurosawa filmidir. filmin adı, ingilizceye (bkz: high and low) ve türkçeye (bkz: yüksek ve alçak) olarak çevrilmiştir.--- spoiler ---filmin ilk yarısının neredeyse tamamının tek mekânda geçmesi, karakterleri, ikili ilişkileri ve karakterlerin bakış açılarını anlamak ve sindirebilmek için oldukça elverişli bir ortam oluşturmuş. karakterlerin ve olayların gelişimini, filmin ilk yarısında dibine kadar hissediyorsunuz. bu sayede film sizi içine çekiyor ve hissettirdiği gerçekliği fazlasıyla arttırıyor. film, adında da bulunduğu gibi zıtlık ilişkisine sahip birtakım ikililer üzerinden işlenmiş. kurosawa, iki tarafı da izleyici için fazlasıyla hissedilir kılmış. zenginlik ve fakirlik, ayrıcalık ve sefalet, cennet ve cehennem...filmin final sahnesinde, çocuğu kaçıran kişi ile ana karakter gidon arasındaki sohbette, bu ikililerin her birine dair replikler bulunur.- ""şunu biliyorum ki; benim kaldığım yer kışın çok soğuk, yazın da çok sıcaktı. uyuyamıyordum. oradan senin evin cennet gibi görünüyordu. günbegün senden daha çok nefret ettim ve bu bana yaşamak için bir neden verdi.""- ""şanslı(varlıklı) adamların, şanssızlar ile ortak sefilliği paylaşması oldukça eğlenceliydi.""- ""ölmek ya da cehenneme gitmekten korkmuyorum. zaten doğduğum günden beri hayatım cehennemden farksızdı; ama eğer cennete gidecek olsaydım işte o zaman gerçekten tir tir titrerdim.*""--- spoiler ---son olarak, akira kurosawa'nın sayısı 24 olan siyah-beyaz filmi içerisinde, siyah-beyaz renklerin dışında çıkılan tek bir sahne vardır. o da bu filmdeki pembe duman sahnesidir.",16.06.2020,04:53,,
108856950,alas alas the breath of life,"(bkz: the ascent of everest) grubunun 2006 yılında çıkarmış olduğu (bkz: how lonely sits the city) albümünün ilk parçasıdır ve post-progressive rock müzik türüne verilebilecek en iyi örneklerden biridir. şarkı; yavaş bir başlangıcın ardından, davul ve kemanın dahil olmasıyla birlikte yükselmeye ve ritim kazanmaya, sonrasında dahil olan tiz vokal ile birlikte de tüylerinizi ürpertmeye, ortalarında ise zirveye çıkmaya ve patlamaya hazır olan duygularınızı açığa çıkartmaya başlar. bu şarkı, sizlere on iki dakika yirmi dokuz saniyelik senfonik bir müzik ziyafeti sunar. ayrıca, tam olarak duyulamasa da, şarkının sözleri oldukça güzel kısımlar içermektedir. şarkı sözlerinden bir kısım:""i can hear every wordi see everywheretake me into your worldyou can answer my prayers""eğer derin düşüncelere dalmak veya durduk yere canınızın sıkılmasını istiyorsanız, bu şarkı tam sizin için. kulaklıkla dinlemenizi tavsiye ederim.spotifyyoutube",15.06.2020,00:04,,
108351091,eloy,"1969 yılında (bkz: frank bornemann) tarafından kurulan, alman (bkz: progressive rock) grubudur. grubun şarkıları (bkz: jethro tull), (bkz: camel) ve (bkz: pink floyd) tonlarının karışımı olarak nitelendirilir. eloy ismi, (bkz: h. g. wells)'in (bkz: the time machine) adlı kitabındaki fütürist(gelecekçi) insan ırkı olan (bkz: eloi)'den gelmektedir. bornemann grup isminin hikâyesini şu şekilde anlatır: ""bu, bilinmeyen bir geleceğe başlangıçtı ve bu açıdan wells'in hikâyesindeki insan ırkıyla karşılaştırılabilirdi. bu sebepten ötürü, gruba 'eloy' adını vermeyi düşündüm.""en çok bilinen albümleri, 1977 yılında çıkan (bkz: ocean)'dır. bu albümde (bkz: atlantis)'in yok oluşu anlatılır. albüm kapağıen çok bilinen şarkıları da ocean albümünden (bkz: poseidon's creation)'dur. bu şarkıda geçen son sözler şu şekildedir:""son of god and daughter of earththey created ten sons, human creatureswho've been of supreme beings at birthof pure essence and perfect featureswhat a divine possibility to overcome evilso listen what man did!""bu sözlerin arkasından gelen enstrümantal kısım ise o yıllar için gerçekten oldukça cesurdur ve bir o kadar da kalitelidir.eloy'un en büyük şanssızlıklarından biri, bu başyapıt kalitesindeki albümü; pink floyd, (bkz: king crimson), camel, (bkz: led zeppelin) ve jethro tull gibi ingiliz rock gruplarının aşırı revaçta olduğu bir döneme denk getirmesiydi. özellikle de 1973 yılında çıkan (bkz: the dark side of the moon)'dan sonra yakaladığı yükselişi iyi değerlendiren pink floyd; 23 ocak 1977'de, kimilerine göre overall olarak en iyi albümleri olan, (bkz: animals)'ı çıkarttı. ocean albümü ise aralık 1977'de yayımlandı. eloy, bana göre, yanlış zamanda doğru işler yapan bir gruptur. bu yazıyı da o zamanda yapılan en doğru işlerden biri* olan poseidon's creation ile tamamlamak isterim:spotifyyoutube",04.06.2020,22:44,,
108188321,peak games,"sektörün kısmen de olsa içinde bulunan birisi olarak, şunu söyleyebilirim ki: bu tüm dünyada büyük yankı uyandıran bir adımdır. oturduğu yerden ""bok gibi oyunlar"", ""keriz silkeleme"" gibi argüman öne sunup anlaşmayı saçma bulan kişileri ciddiye almayınız. retention değeri(herhangi bir günde uygulamayı açan kişinin, ertesi gün de uygulamayı açması) yüksek olan uygulamalar, özellikle de oyunlar her zaman büyük potansiyel vadeder. size hitap etmiyor olması, oyunun ""bok"" gibi olduğunu göstermez. zynga, bu denli bir yatırım yaparken emin olun sizden çok daha detaylı şekilde incelemesini yapmıştır.buradan öncelikle peak games ekibini tebrik ediyor ve buna benzer projelerin ülkede artmasını temenni ediyorum.tanım: 2010 yılında kurulmuş bir oyun geliştirme firması",01.06.2020,17:47,,
106892343,anneler günü,"sosyal medyada bir şeyler paylaşanlara kızmıyorum, kızamıyorum. yokluğu tatmamış insana anlatamazsın bu duyguyu.annemle birlikte çocukluğumu, saflığımı ve neşemi de toprağa gömdüm ben. bugün, sadece o yokluğu daha da çok hissediyorum.huzurla uyu annem, seni çok seviyoruz. anneler günün kutlu olsun.",10.05.2020,01:41,,
103950081,az kişinin bildiği muhteşem web siteleri,"bu karantina günlerinde izleyecek dizi/film arıyorsunuz; ama bulamıyor musunuz veya seçmekte zorlanıyor musunuz? criticker aradığınız şey olabilir. daha önce izlediğiniz film/dizilerden puanlama yaparsanız, beğenebileceğiniz dizi/filmleri öneriyor. bir nevi netflix; ama bunu sadece sizin beğenilerinizle değil, yakın beğenilere sahip olduğunuz insanlarla da karşılaştırarak yapıyor. ayrıca, sizin dizi/film zevkinize yakın kişileri ve o kişilerin izlediklerini de gösteriyor. basit arayüzü olan faydalı bir site. en son 2017 yılında yazılmış, tekrar yazalım. iyi seyirler :)",22.03.2020,14:50,,
102699971,metal müzik tarihinin en hüzünlü şarkıları,"1000+ şarkılı, 105 saatlik, metalin her türünü içeren bir yolculuk için tıkburadan da beğendiğim şarkıları eklemekteyim. emeği olan herkese teşekkürler :)",27.02.2020,12:19,,
102195893,bojack horseman,"--- spoiler ---dizinin finali, dümdüz bir finaldi. ne bir gerilim ne bir şok vardı.--- spoiler ---bojack horseman tam olarak da buydu bana göre. dizi bana hiçbir şey vadetmiyordu, nitekim vermedi de. ancak öylesine güzel kara mizah vardı, öylesine güzel gerçek hayat betimlemesi vardı ki, bir yerden sonra artık karakterleri çevrem olarak görmeye ve bojack'ın hislerini anlamaya başladım. evet, dizi final yaptı; ama bu benim için hiçbir şeyi değiştirmedi. hayatımdaki her yeni gün, aslında yeni bir bojack horseman bölümü.dizinin, izleyiciye hiçbir şey vadetmediğini ve bittiğinde de hiçbir şey vermediğini söylemiş miydim?",16.02.2020,23:14,,
102179590,breathe deeper,"tame impala'nın 14 şubat 2020'de yayımlanan the slow rush albümündeki 5. parça. şarkının garip bir havası var; giriş kısmını ilk kez duyduğumda bir an için duraksadım, daft punk çalıyor sandım. şarkıyı dinlerken sanki ılık bir havada, yüzüme hafiften tatlı bir meltem vururken, denize karşı yıllanmış şarabımı içiyorum. içim, anlamsızca umut doluyor. (bkz: let those colours run)",16.02.2020,17:43,,
101261854,metal müzik tarihinin en hüzünlü şarkıları,"draconian - death, come near metiamat - dividedmorphia - memories never dienovembre - vernefalkenbach - ewerounlacrimas profundere - the crown of leavingrammstein - stirb nicht vor mirdemons & wizards - fiddler on the green",29.01.2020,20:17,,
100072413,death come near me,"bir draconian şarkısı....""oh, shed a tear for the loss of innocense,for the forsaken spirits who aches in us.cry for the heart who surrenders to pain,for the solitude of those left behind!behold the pain and sorrow of the world, dream of a place away from this nightmare.give us love and unity, under the heart of night.oh death, come near us, and give us life!""...lisa johansson şarkıya öyle bir hava katmış, öylesine içten söylemiş ki kapılmamak elde değil. bu şarkı, en güzel duygularımın katili mi yoksa kaynağı mı gerçekten karar veremiyorum. sanırım en iyisi karar vermemek, sadece hissetmek.",05.01.2020,00:56,,
98978162,sözlüğün foruma dönüşmesi,"artık gına getirendir. aktif bir sözlük kullanıcısıyım ve her gün sol frame'de saçma sapan başlıklar görmekten bıktım. bugünden bazı örnekler:(bkz: veda ederken 2019'a bir not bırakmak)(bkz: oğuzhan uğur vs cem yılmaz)(bkz: 85-95 arası doğan efsane nesil)(bkz: bin yerine k diyen tipler)(bkz: an itibarıyla yazarların nerede olup ne yaptığı)(bkz: nude atan yazarlar veritabanı)bu tarz başlıklara yazan sayın yazarlar, bu başlıklara yazdığınız entry'lerin kendiniz dışında kime ne faydası var diye hiç düşünüyor musunuz? eğer amacınız karşı cinsten birisiyle tanışmaksa tonlarca tanışma-randevu siteleri var, buyurun sizi oraya alalım. eğer amacınız anonim olmanıza güvenerek etrafa saydırmak, insanlar hakkında genelleme yapmaksa da lütfen arkadaş gruplarınızda yapın bu geyiği.madem fayda sağlamayacaksınız, bari sağlayanlara engel olmayın.not: bu saçmalıklar karşısında, sözlük yönetiminin tavrını gerçekten çok merak ediyorum. tamam siz de para kazanmak, daha çok kullanıcıya erişmek istiyorsunuz, anlıyoruz; ancak şu sol frame'i görünce gerçekten ne düşünüyorsunuz çok merak ediyorum. 20 yıllık bir oluşumu, kültürü diri diri toprağa gömüyorsunuz.",11.12.2019,18:15,,
98681085,posthumous forgiveness,"tame impala'nın 14 şubat 2020'de çıkacak olan the slow rush albümünün 3. şarkısı.bu şarkı, 2009 yılında cilt kanserinden dolayı 61 yaşında kaybettiği babasına. şarkı sözlerinde, henüz 4 yaşındayken annesiyle babasının boşanması hakkında hissettiklerini anlattığı kısımlar da var.*şarkının sözleri için en önemli nokta, içinde kevin'ın kendi yaşanmışlıklarını barındırması. melodisi de sözleriyle ahenk içinde olunca, ortaya mükemmel bir parça çıkmış. dinledikçe bambaşka dünyalara götürüyor.",04.12.2019,23:22,,
97350516,bojack horseman,"final bölümleri 31 ocak'ta gelecek olan komedi-drama dizisi.benim için ise; komedi-drama dizisi olmasının ötesinde, her ayrıntısı incelikle düşünülmüş bir başyapıttır.--- spoiler ---6. sezonunda da, daha önceki sezonlarında olduğu gibi, ince esprileriyle güldürmüş; ancak bir yandan da derin düşüncelere sevk etmiştir. tam ""her şeyi yoluna koydum"" derken, aslında geçmişinizin size zincirlenmiş bir ağırlık olduğunu ve maalesef, geçmişinizi değiştiremeyeceğinizi hoş bir tema ile aktarmış. ek olarak, sistem eleştirileri oldukça bariz hâle gelmiş. yapılan bu eleştirileri de oldukça haklı ve yerinde bulduğumu söylemeliyim.bu diziyi neden bu kadar bağlandığımı bilmiyorum; ancak şunu söyleyebilirim: bu dizi sayesinde, hayata ve olaylara karşı bakışıma farklı perspektifler ekledim. ayrıca, her bölümde bir yaşanmışlığımı veya çevremdeki insanlardan birini buldum.--- spoiler ---",03.11.2019,21:18,22:45,
96781269,az kişinin bildiği muhteşem web siteleri,google'ın başarısız olan projelerinin bulunduğu site: killed by google,20.10.2019,19:27,,
95035310,deep turkish web,"sapık ismet videosuyla gerçekten oldukça yaygın olan bir duruma gönderme yapmışlardır.kendini ""delikanlı"" olarak tanıtırlar. homoseksüellere, trans bireylere kin kusup, sonrasında da gizli şekilde pasiflerle veya trans bireylerle birlikte olurlar. sonuçta, aktif olan taraf kendileri.bir trans bireyin açıklaması vardı, kimlerle birlikte olduğumuzu açıklarsak, insan içine çıkamazlar diye. işte o delikanlılar, bu delikanlılar.",07.09.2019,20:56,,
94989272,canan kaftancıoğlu'nun 9 yıl 8 ay ceza alması,"siyasi görüşünü beğenirsin veya beğenmezsin, düşüncelerini destekler veya desteklemezsin; ancak siyasi olduğu gün gibi açık olan bir tutuklama kararına alkış tutmak en kibar tabiriyle cahilliktir.",06.09.2019,19:09,,
94077339,az kişinin bildiği muhteşem web siteleri,"codeacademyçeşitli başlıklarda, ücretsiz olarak, teorik eğitim ve kodlama eğitimi imkanı sunan bir web sitesi. aylık değeri $20 olan pro üyeliği kayıt olduktan sonraki ilk 7 gün için size ücretsiz olarak veriyor, bunu yaparken de herhangi bir kredi kartı bilgisi istemiyor. arayüzünü, anlatımını ve uygulamalarını oldukça başarılı bulduğumu söylemeliyim. ""ne tarz eğitimler var?"" derseniz:1- aşağıdaki 4 temel alandan birini seçebilirsiniz. özellikle data science şu an oldukça revaçta. - data science- web development- computer science- code foundations2- ""ben spesifik bir dili öğrenmek istiyorum"" diyorsanız, aşağıda mevcut olan dillerin eğitimleri mevcut.- html & css- php- python- javascript- java- sql - bash/shell - ruby- c++- c#- r3- game development, design alanlarında da eğitimler mevcut; ancak henüz tam anlamıyla bir eğitim olabilecek kadar içeriğe sahip değiller.",18.08.2019,00:59,,
93769587,ekşi itiraf,"bugün itibariyle, yaş haneme bir çizik daha atıldı.artık doğum günü kutlamayı, bu günün özel bir gün olarak gösterilmesini kendi adıma istemiyorum.yıllardır, sürekli olarak; yeni bir başlangıç, temiz bir sayfa, daha güzel bir yıl temennileriyle bu günümü geçiriyordum. bu sene ise, isteğim yok; çünkü fark ettim ki tüm bunlar şu güne kadar hiçbir şeye yaramadı.kabullenilmiş çaresizlik döngüsünde daha da kaybolacağım, gitgide amaçsızlaşacağım bir yıl daha olacak.edit: my body is a cage",11.08.2019,01:38,01:41,
91256925,kawhi leonard,goat cedi osman ile geçen yaz yaptığı antrenman işe yaramış ve bu antrenman sayesinde şampiyonluk kazanmış olan vasat oyuncu.,14.06.2019,07:28,,
89564961,2 mayıs 2019 tekel sigara zammı,(bkz: sarma sigaraya başlayacaklara tavsiyeler),01.05.2019,17:34,,
87950968,az kişinin bildiği muhteşem web siteleri,yapay zeka ile ilgilenen veya ilgilenmek isteyenlerin işine yarayabilir.online eğitilebilir makinemüzisyenler ve sanatçılar için makine öğrenmesi dersi,20.03.2019,14:33,,
87611848,11 mart 2019 starbucks rezaleti,bu başlığı açmaya harcadığınız sürenin yaklaşık dörtte biriyle o masadaki bardakları alabilirdiniz.,11.03.2019,19:38,,
87433155,ekşi itiraf,"insan, gerçekten başına bir musibet gelmeden elindekilerin, yanındakilerin kıymetini bilmiyor, anlamıyor veya anlayamıyor. geçen hafta canımdan çok sevdiğim canım annemi kendi ellerimle mezara koydum. onu, iki metrelik bir çukurda yalnız başına bıraktım. üzerinden geçen bir haftada hayatım, çevremdeki insanlar ve ailem üzerine gereğinden fazla düşündüm. burada cümlelere yansıtmaya çabaladığım duygularımın başında üzüntü ve öfkeden öte vicdan azabı var. düşündükçe daha da net anlıyorum ki ben hayatım boyu annemi, ailemi yalnız bırakmışım.elimden hiçbir şey gelmiyor, kalbim dayanmıyor. pişmanlık, üzüntü, vicdan azabı ve geç kalmışlık duygusu beni en derinime kadar sömürüyor. en kötüsü de her şey için artık çok geç olması. fark ettikten sonra, canımı en çok yakan şey ise anneme hayatım boyu hiç ""seni seviyorum"" dememiş olmaktı. bunun yarattığı acı ve pişmanlığı kelimelerle tarif etmeye çalışıyorum; ama gerçekten edemiyorum.aileniz, sevdikleriniz yanınızdayken onların değerini bilin; çünkü bir sonraki gün, hatta bir sonraki saat her şey için çok geç olmuş olabilir ve söylemediğiniz, söyleyemediğiniz cümleler bir ömür boyu içinizi kemirebilir.seni çok seviyorum canım annem, huzur içinde uyu.",06.03.2019,18:53,,
86591682,doğmamış bebeğin ameliyat edilmesi,"ingiltere'de yaşanmıştır. 24 haftalık hamile olan kadının bebeğinde (bkz: spina bifida) olduğu anlaşılınca; bebek, anne rahminden alınmış ve başarılı bir ameliyat sonrasında anne rahmine tekrar yerleştirilmiş. bebeğin sağlıklı bir şekilde ve zamanında doğması bekleniyormuş.kaynak",12.02.2019,12:32,,
86180998,servise ilk binen kişi,"vefakardır, çilekeştir. tüm durakları ve o duraklardan servise kimlerin bindiğini bilir. şoförler gelir geçer; ama o, kalır.",01.02.2019,07:31,14:25,
86100561,facebook'un para karşılığı insanları gözetlemesi,"josh constine'in iddiasına göre, facebook, araştırma adı altında oluşturduğu uygulama üzerinden uygulamaya tam yetki verilmesi şartıyla insanlara $20 verdi. yetkiyi aldıktan sonra ise insanların gizli bilgilerini uygulama aracılığıyla çaldı. ayrıca, facebook'un ergenlere yüklemeleri karşılığında para ödediği vpn uygulaması vasıtasıyla da uygulamayı yükleyenleri gözetledi.twitterrapor",30.01.2019,08:57,,
86098416,cedi osman,"sabaha karşı oynanan wizards maçında 26 sayı(10/16 saha içi isabet, 4/8 3pt, 2/8 ft), 5 ribaund, 7 asist ile oynamıştır.son periyotta 25 sayı farktan maçı verme noktasına gelen cavs için maçın en önemli serbest atışlarını sayıya çevirememiş, ardından gelen hücumda ise maçı uzatmaya götürebilecek üçlüğün atılmasına izin vermeden topu çalarak maçı cavs'e kazandırmıştır.bu maç oynanırken de rising stars 2019 maçı için dünya takımına seçildiği açıklanmıştır.",30.01.2019,05:26,,
85769364,müjdat gezen'in gözaltı olayını kitaplaştırması,din sömürüsü üzerinden muhafazakar politikacılara ve yazarlara yüklenen ulusalcılar nedense yılmaz özdil ve söz konusu kitap gibi objeleri atatürk veya niyet sömürüsü olarak değerlendirmiyor.,21.01.2019,20:19,,
75535374,insanı yavaş yavaş öldüren şeyler,"gelecek kaygısı.aldığım eğitimin, yaptığım çalışmaların karşılığını bulamama korkusu içimi kemiriyor. bunun ana sebebi de ülkenin şu an içerisinde bulunduğu durum. milliyetçi bir insan değilim ve insana değer verilmeyen bu ülkede daha fazla kalmak istemiyorum. ayrıca gitmek için yaptıklarımın bu konuda yeterli olup olmayacağını bilememek de içten içe tüketiyor beni.(bkz: türkiye'den siktir olup gitmek)uc yil sonra gelen edit: aldigim egitimin ve yaptigim calismalarin karsiligini buldum. gidiyorum.",30.03.2018,04:08,27.03.2021,21:05
74104975,metal müzik tarihinin en hüzünlü şarkıları,"(bkz: draconian) (bkz: death come near me)dinledikçe güzelleşen, anlam kazanan şarkılardan bir tanesidir. merak ettiğim nokta ise bu şarkının sözleri nasıl bir ruh haliyle yazıldığıdır.",09.02.2018,14:48,,
73601022,ekşi itiraf,"""the more you hate me, the more you help me.the more you love me, the more you hurt me.""",19.01.2018,01:46,,
73154852,kadıköy sokaklarında amaçsızca tek başına dolanmak,"tavsiye ettiğimdir. hele de kadıköy'e aşina değilseniz o dar sokakları, klasik binalarını, güzel insanlarını görmek kişiye neşe ve geleceğe dair umut katar, en azından benim adıma öyle olmuştu.",29.12.2017,23:49,,
72721508,sons of anarchy,"keşke hiç izlememiş olma imkanım olsaydı da sıfırdan başlasaydım dedirten dizidir.şu ana kadar izlediğim diziler arasında açık ara en iyisiydi. aşkı, dostluğu ve ihaneti bu kadar keskin şekilde anlatması beni en çok bağlayan noktalarından bir tanesiydi. son bölümleri izleyip izlememek konusunda çok kararsız kaldım ""bitince ne yapacağım?"" diye, ki öyle de oldu. bitirdikten sonra izlediğim hiçbir şeyden tat alamadım ve sürekli efsane soundtracklerini açıp kendimi avutuyorum.",10.12.2017,18:09,,
71623284,ekşi itiraf,"insanlık tarihindeki en korkunç kelime ""yazık"" olabilir. insanın çaresiz kaldığında, elinden bir şey gelmediğinde aklına gelen ilk kelimelerden biri de bu kelimedir.şöyle arkama dönüp yaşanmışlıklarıma baktığımda çoğu şey için sadece ""yazık"" diyebiliyorum. acınası bir hâl bu, elden bir şey gelmiyor ve daha ürkütücü olan da ileride bugünlerim için ""yazık"" demek.",24.10.2017,22:53,,
70531257,zeytinli rock fest 2017,"bu sene katıldığım festival.ilk senemiz olduğu için çadır olayını göze alamayıp dandik bir ev tuttuk. çadırda kalan arkadaşlar gece esen rüzgardan ve duş-tuvalet yetersizliğinden dolayı baya zor birkaç gün geçirdiğini söyledi. iklim gerçekten çöl iklimi ile benzerlik gösteriyor. sabahları çok sıcak, akşamları ise soğuk ve rüzgarlı.etkinliğe gelecek olursak, yemekler piyasanın üzerinde fiyata satıldı ilk 4 gün. lezzet ise pek de iyi değildi fiyatına göre, en azından bizim yediğimiz yerlerde öyleydi. 50lik teneke carls ve tuborg gold 12, tuborg kırmızı 15 tlye satıldı. son gün ise yemekler ve biralar elde kalmaması adına ucuzladı carls ve tuborg gold 8, tuborg kırmızı 10tlden satıldı.bilet olayına gelirsek, gereğinden çok ama çok fazla sayıda bilet satılmıştı ve inanın adım atılamıyordu, hele de yemek alanlarında. kamp kısmı hakkında bilgim olmadığı için bir şey söyleyemeyeceğim.katılımcı kitle için ise ilk söylemem gereken şey kesinlikle yaş sınırı getirilmesi gerektiğidir. daha liseye gitmeyip elinde viski ile etrafa sataşan ufaklıklar gördüm. etrafa salça olan tipler de genellikle bu ergenlerden oluşuyordu. konser alanında ise çok sayıda tartışmaya şahit oldum, birkaçının içinde bulundum sırf geçerken çarpma vs. olayları yüzünden. insanlar baskıya o kadar alışmış ki serbest kalınca içkinin bokunu çıkarıyorlar. bunu net şekilde gördüm.konserler ise genellikle güzeldi, gerçekten güzeldi. hayko cepkin; işinin hakkını veren güzel adam, sahne şovuyla gerçekten mest etti. şebnem ferah ve pentagram da gayet iyiydi. 100% müzik sahnesinden akılda kalanlar ise cihan mürtezaoğlu ve deniz tekin oldu. yüzyüzeyken konuşuruz adeta kendimiz geldik takılıyoruz kafası ile baya seyirciyi umursamadan takıldılar sahnede, hoş değildi.seneye tekrar katılmayı düşünmüyorum leş katılımcı kitlesi yüzünden, belki fikrim değişir bilemeyiz.",31.08.2017,19:53,,
69544791,ankara'nın en çok sevilen yanı,içindeki insanlarıdır. başka bir şey iddia edenin akıl sağlığından şüphe ederim,17.07.2017,00:05,,
67355196,gbt yapan polisin facebook'tan istek yollaması,"""bas engeli geç, ne tatava yapıyorsun"" diyenlerin kız arkadaşının başına aynı durum gelmesini çok isterim. zira o zaman görmek isterim bu tavırlarını.tanım : polisin yetkisini kötüye kullandığı, ahlaki olarak etik olmayan vuku.",09.04.2017,05:17,,
